No.,Description,Size,Brand,Pattern,image,Sectional Width,Aspect Ratio,Type,Rim Diameter,Designation,LI/SS,Product Group Code,Inventory,Unit Price,Item Category,Search Description,Item Sub Category
BL0001,BLACKLION 185/70R14 BH15 88H,185/70R14,BLACKLION,BH15,,185,70,R,14,,88H,,2,6200,TYRE,BLACKLION 185/70R14 BH15 88H,PASSENGER
BS20516C,BRIDGESTONE 205R16 DUELER H/P 110/108T,205R16,BRIDGESTONE,DUELER H/P,,205,,R,16,,110/108T,,4,27000,TYRE,BRIDGESTONE 205R16 DUELER H/P 110/108T,4X4
BS2056515,BRIDGESTONE 205/65R15 ECOPIA EP150 94H,205/65R15,BRIDGESTONE,ECOPIA EP150,,205,65,R,15,,94H,,6,14800,TYRE,BRIDGESTONE 205/65R15 ECOPIA EP150 94H,PASSENGER
BS2255516,BRIDGESTONE 225/55R16 TURANZA AR-20 95V,225/55R16,BRIDGESTONE,TURANZA AR-20,,225,55,R,16,,95V,,8,22988.5,TYRE,BRIDGESTONE 225/55R16 TURANZA AR-20 95V,PASSENGER
BS2257516,BRIDGESTONE 225/75R16 DUELER A/T,225/75R16,BRIDGESTONE,DUELER A/T,,225,75,R,16,,,,0,0,TYRE,BRIDGESTONE 225/75R16 DUELER A/T,4X4
BS2457016,BRIDGESTONE 245/70R16 ,245/70R16,BRIDGESTONE,,,245,70,R,16,,,,1,12931.034,TYRE,BRIDGESTONE 245/70R16 ,4X4
C03500660000,CONTI 195/55R15 CONTIPREMIUMCONTACT 2 85H,195/55R15,CONTI,CONTIPREMIUMCONTACT 2,,195,55,R,15,,85H,,3,23700,TYRE,CONTI 195/55R15 CONTIPREMIUMCONTACT 2 85H,PASSENGER
C0350093000,CONTI 225/55R16 CONTIPREMIUMCONTACT 2 95V,225/55R16,CONTI,CONTIPREMIUMCONTACT 2,,225,55,R,16,,95V,,3,33000,TYRE,CONTI 225/55R16 CONTIPREMIUMCONTACT 2 95V,PASSENGER
C03502330000,CONTI 205/55R16 CONTISPORTCONTACT 1 91V,205/55R16,CONTI,CONTISPORTCONTACT 1,ContiSportContact-1.jpg,205,55,R,16,,91V,,92,20200,TYRE,CONTI 205/55R16 CONTISPORTCONTACT 1 91V,PASSENGER
C03503380000,CONTI 215/60R16 CONTIPREMIUMCONTACT 2 95H,215/60R16,CONTI,CONTIPREMIUMCONTACT 2,,215,60,R,16,,95H,,2,32100,TYRE,CONTI 215/60R16 CONTIPREMIUMCONTACT 2 95H,PASSENGER
C03504040000,CONTI 245/40R18 CONTISPORTCONTACT 3 93W,245/40R18,CONTI,CONTISPORTCONTACT 3,ContiSportContact 3.jpg,245,40,R,18,,93W,,6,42000,TYRE,CONTI 245/40R18 CONTISPORTCONTACT 3 93W,PASSENGER
C03507160000,CONTI 215/55R17 CONTIPREMIUMCONTACT 2 94V,215/55R17,CONTI,CONTIPREMIUMCONTACT 2,,215,55,R,17,,94V,,2,31000,TYRE,CONTI 215/55R17 CONTIPREMIUMCONTACT 2 94V,PASSENGER
C03507380000,CONTI 245/40R17 CONTISPORTCONTACT 5 91W,245/40R17,CONTI,CONTISPORTCONTACT 5,ContiSportContact 5.jpg,245,40,R,17,,91W,,8,38000,TYRE,CONTI 245/40R17 CONTISPORTCONTACT 5 91W,PASSENGER
C03507390000,CONTI 225/40R18 CONTISPORTCONTACT 5 XL 92W,225/40R18,CONTI,CONTISPORTCONTACT 5,ContiSportContact 5.jpg,225,40,R,18,XL,92W,,4,0,TYRE,CONTI 225/40R18 CONTISPORTCONTACT 5 XL 92W,PASSENGER
C03509280000,CONTI 225/45R17 CONTISPORTCONTACT 3 91W,225/45R17,CONTI,CONTISPORTCONTACT 3,ContiSportContact 3.jpg,225,45,R,17,,91W,,3,28200,TYRE,CONTI 225/45R17 CONTISPORTCONTACT 3 91W,PASSENGER
C03518990000,CONTI 185/70R14 CONTIECOCONTACT 5 88T,185/70R14,CONTI,CONTIECOCONTACT 5,,185,70,R,14,,88T,,2,16900,TYRE,CONTI 185/70R14 CONTIECOCONTACT 5 88T,PASSENGER
C03520420000,CONTI 235/55R17 CONTISPORTCONTACT 2 99W,235/55R17,CONTI,CONTISPORTCONTACT 2,ContiSportContact2.jpg,235,55,R,17,,99W,,4,40100,TYRE,CONTI 235/55R17 CONTISPORTCONTACT 2 99W,PASSENGER
C03520440000,CONTI 255/45R18 CONTISPORTCONTACT 2 99Y,255/45R18,CONTI,CONTISPORTCONTACT 2,ContiSportContact2.jpg,255,45,R,18,,99Y,,10,50100,TYRE,CONTI 255/45R18 CONTISPORTCONTACT 2 99Y,PASSENGER
C03520850000,CONTI 225/45R17 CONTISPORTCONTACT 2 SSR 94W,225/45R17,CONTI,CONTISPORTCONTACT 2,ContiSportContact2.jpg,225,45,R,17,SSR,94W,,0,32100,TYRE,CONTI 225/45R17 CONTISPORTCONTACT 2 SSR 94W,PASSENGER
C03521190000,CONTI 205/55R16 CONTIPREMIUMCONTACT SSR 91V,205/55R16,CONTI,CONTIPREMIUMCONTACT,ContiPremiumContact.jpg,205,55,R,16,SSR,91V,,30,23800,TYRE,CONTI 205/55R16 CONTIPREMIUMCONTACT SSR 91V,PASSENGER
C03521620000,CONTI 185/60R14 CONTIECOCONTACT CP 82H,185/60R14,CONTI,CONTIECOCONTACT CP,,185,60,R,14,,82H,,6,13700,TYRE,CONTI 185/60R14 CONTIECOCONTACT CP 82H,PASSENGER
C03541400009,CONTI 265/65R17 CONTICROSSCONTACT AT 112T,265/65R17,CONTI,CONTICROSSCONTACT AT,ContiCrossContact AT.jpg,265,65,R,17,,112T,,50,38000,TYRE,CONTI 265/65R17 CONTICROSSCONTACT AT 112T,4X4
C03541430000,CONTI 255/50R19 CONTISPORTCONTACT 5 FR 103W,255/50R19,CONTI,CONTISPORTCONTACT 5,ContiSportContact 5.jpg,255,50,R,19,FR,103W,,1,51500,TYRE,CONTI 255/50R19 CONTISPORTCONTACT 5 FR 103W,4X4
C03541540000,CONTI 255/55R18 CONTISPORTCONTACT 5 XL 109H,255/55R18,CONTI,CONTISPORTCONTACT 5,ContiSportContact 5.jpg,255,55,R,18,XL,109H,,0,48300,TYRE,CONTI 255/55R18 CONTISPORTCONTACT 5 XL 109H,4X4
C03542170000,CONTI 285/45R19 CONTISPORTCONTACT 5 SSR 111W,285/45R19,CONTI,CONTISPORTCONTACT 5,ContiSportContact 5.jpg,285,45,R,19,SSR,111W,,4,69000,TYRE,CONTI 285/45R19 CONTISPORTCONTACT 5 SSR 111W,4X4
C03542190000,CONTI 275/40R20 CONTISPORTCONTACT 5 SSR 106W,275/40R20,CONTI,CONTISPORTCONTACT 5,ContiSportContact 5.jpg,275,40,R,20,SSR,106W,,1,71800,TYRE,CONTI 275/40R20 CONTISPORTCONTACT 5 SSR 106W,4X4
C03542200000,CONTI 255/50R19 CONTISPORTCONTACT 5 SSR XL 107W,255/50R19,CONTI,CONTISPORTCONTACT 5,ContiSportContact 5.jpg,255,50,R,19,SSR XL,107W,,3,62500,TYRE,CONTI 255/50R19 CONTISPORTCONTACT 5 SSR XL 107W,4X4
C03542210000,CONTI 315/35R20 CONTISPORTCONTACT 5 SSR 110W,315/35R20,CONTI,CONTISPORTCONTACT 5,ContiSportContact 5.jpg,315,35,R,20,SSR,110W,,1,93800,TYRE,CONTI 315/35R20 CONTISPORTCONTACT 5 SSR 110W,4X4
C03542250000,CONTI 255/55R18 CONTISPORTCONTACT 5 XL  FR 109V,255/55R18,CONTI,CONTISPORTCONTACT 5,ContiSportContact 5.jpg,255,55,R,18,XL  FR,109V,,12,42700,TYRE,CONTI 255/55R18 CONTISPORTCONTACT 5 XL  FR 109V,4X4
C03542440000,CONTI 235/55R19 CONTIECOCONTACT 5 XL 105V,235/55R19,CONTI,CONTIECOCONTACT 5,ContiEcoContact 5.jpg,235,55,R,19,XL,105V,,1,46800,TYRE,CONTI 235/55R19 CONTIECOCONTACT 5 XL 105V,4X4
C03542750000,CONTI 255/70R15 CONTICROSSCONTACT AT FR 108S,255/70R15,CONTI,CONTICROSSCONTACT AT,ContiCrossContact AT.jpg,255,70,R,15,FR,108S,,0,31400,TYRE,CONTI 255/70R15 CONTICROSSCONTACT AT FR 108S,4X4
C03543960000,CONTI 235/50R18 CONTISPORTCONTACT 5 SUV AO 97V,235/50R18,CONTI,CONTISPORTCONTACT 5,ContiSportContact 5.jpg,235,50,R,18,SUV AO,97V,,0,0,TYRE,CONTI 235/50R18 CONTISPORTCONTACT 5 SUV AO 97V,PASSENGER
C03543980000,CONTI 255/70R16 CONTICROSSCONTACT LX2 111T,255/70R16,CONTI,CONTICROSSCONTACT LX2,Conticrosscontact LX2.jpg,255,70,R,16,,111T,,1,34900,TYRE,CONTI 255/70R16 CONTICROSSCONTACT LX2 111T,4X4
C03545080000,CONTI 255/60R18 CONTICROSSCONTACT AT 112T,255/60R18,CONTI,CONTICROSSCONTACT AT,ContiCrossContact AT.jpg,255,60,R,18,,112T,,1,45500,TYRE,CONTI 255/60R18 CONTICROSSCONTACT AT 112T,4X4
C03545710000,CONTI 285/50R20 CONTICROSSCONTACT UHP 116W,285/50R20,CONTI,CONTICROSSCONTACT UHP,ContiCrossContact UHP.jpg,285,50,R,20,,116W,,8,93200,TYRE,CONTI 285/50R20 CONTICROSSCONTACT UHP 116W,4X4
C03545790000,CONTI 255/50R20 CONTICROSSCONTACT UHP XL FR 109Y,255/50R20,CONTI,CONTICROSSCONTACT UHP,ContiCrossContact UHP.jpg,255,50,R,20,XL FR,109Y,,3,70000,TYRE,CONTI 255/50R20 CONTICROSSCONTACT UHP XL FR 109Y,4X4
C03545830000,CONTI 275/50R20 CONTICROSSCONTACT UHP XL 111H,275/50R20,CONTI,CONTICROSSCONTACT UHP,ContiCrossContact UHP.jpg,275,50,R,20,XL,111H,,0,77600,TYRE,CONTI 275/50R20 CONTICROSSCONTACT UHP XL 111H,4X4
C03545860000,CONTI 235/60R18 CONTICROSSCONTACT UHP 107V,235/60R18,CONTI,CONTICROSSCONTACT UHP,ContiCrossContact UHP.jpg,235,60,R,18,,107V,,0,44600,TYRE,CONTI 235/60R18 CONTICROSSCONTACT UHP 107V,4X4
C03545960000,CONTI 285/45R19 CONTICROSSCONTACT UHP FR MO 107W,285/45R19,CONTI,CONTICROSSCONTACT UHP,ContiCrossContact UHP.jpg,285,45,R,19,FR MO,107W,,6,59000,TYRE,CONTI 285/45R19 CONTICROSSCONTACT UHP FR MO 107W,4X4
C03546030000,CONTI 275/45R19 CONTI4X4CONTACT 108V,275/45R19,CONTI,CONTI4X4CONTACT,Conti4x4Contact.jpg,275,45,R,19,,108V,,5,53800,TYRE,CONTI 275/45R19 CONTI4X4CONTACT 108V,4X4
C03546090000,CONTI 225/70R16 CONTI4X4CONTACT 102H,225/70R16,CONTI,CONTI4X4CONTACT,Conti4x4Contact.jpg,225,70,R,16,,102H,,17,25700,TYRE,CONTI 225/70R16 CONTI4X4CONTACT 102H,4X4
C0354611000,CONTI 255/70R16 CONTITRAC 111T,255/70R16,CONTI,CONTITRAC,ContiTrac.jpg,255,70,R,16,,111T,,1,34900,TYRE,CONTI 255/70R16 CONTITRAC 111T,4X4
C03546680000,CONTI 255/50R19 CONTI4X4CONTACT XL SSR 107W,255/50R19,CONTI,CONTI4X4CONTACT,Conti4x4Contact.jpg,255,50,R,19,XL SSR,107W,,0,62500,TYRE,CONTI 255/50R19 CONTI4X4CONTACT XL SSR 107W,4X4
C03546920000,CONTI 255/55R18 CONTICROSSCONTACT UHP XL FR 109V,255/55R18,CONTI,CONTICROSSCONTACT UHP,ContiCrossContact UHP.jpg,255,55,R,18,XL FR,109V,,2,42700,TYRE,CONTI 255/55R18 CONTICROSSCONTACT UHP XL FR 109V,4X4
C03548710000,CONTI 295/40R21 CONTICROSSCONTACT UHP XL 111W,295/40R21,CONTI,CONTICROSSCONTACT UHP,ContiCrossContact UHP.jpg,295,40,R,21,XL,111W,,0,67000,TYRE,CONTI 295/40R21 CONTICROSSCONTACT UHP XL 111W,4X4
C03549230000,CONTI 275/45R20 CONTICROSSCONTACT LX SPORT XL 110V,275/45R20,CONTI,CONTICROSSCONTACT LX SPORT,ContiSportContact LX Sport.jpg,275,45,R,20,XL,110V,,2,68400,TYRE,CONTI 275/45R20 CONTICROSSCONTACT LX SPORT XL 110V,4X4
C03549260000,CONTI 275/40R22 CONTICROSSCONTACT LX SPORT 108Y,275/40R22,CONTI,CONTICROSSCONTACT LX SPORT,ContiSportContact LX Sport.jpg,275,40,R,22,,108Y,,6,72000,TYRE,CONTI 275/40R22 CONTICROSSCONTACT LX SPORT 108Y,4X4
C03561120000,CONTI 225/55R16 CONTIPREMIUMCONTACT 2 SSR 95W,225/55R16,CONTI,CONTIPREMIUMCONTACT 2,ContiPremiumContact 2.jpg,225,55,R,16,SSR,95W,,0,36800,TYRE,CONTI 225/55R16 CONTIPREMIUMCONTACT 2 SSR 95W,PASSENGER
C03561510000,CONTI 195/65R15 CONTIECOCONTACT 5 91H,195/65R15,CONTI,CONTIECOCONTACT 5,ContiEcoContact 5.jpg,195,65,R,15,,91H,,8,14700,TYRE,CONTI 195/65R15 CONTIECOCONTACT 5 91H,PASSENGER
C03561870000,CONTI 255/35R18 CONTISPORTCONTACT 5 XL 94Y,255/35R18,CONTI,CONTISPORTCONTACT 5,ContiSportContact 5.jpg,255,35,R,18,XL,94Y,,0,0,TYRE,CONTI 255/35R18 CONTISPORTCONTACT 5 XL 94Y,4X4
C03562120000,CONTI 245/45R17 CONTISPORTCONTACT 5 95W,245/45R17,CONTI,CONTISPORTCONTACT 5,ContiSportContact 5.jpg,245,45,R,17,,95W,,5,40600,TYRE,CONTI 245/45R17 CONTISPORTCONTACT 5 95W,PASSENGER
C03562250000,CONTI 225/50R17 CONTISPORTCONTACT 5 94W,225/50R17,CONTI,CONTISPORTCONTACT 5,ContiSportContact 5.jpg,225,50,R,17,,94W,,3,38400,TYRE,CONTI 225/50R17 CONTISPORTCONTACT 5 94W,PASSENGER
C03562530000,CONTI 195/65R15 CONTIPREMIUMCONTACT 5 91T,195/65R15,CONTI,CONTIPREMIUMCONTACT 5,ContiPremiumContact-5.png,195,65,R,15,,91T,,2,14700,TYRE,CONTI 195/65R15 CONTIPREMIUMCONTACT 5 91T,PASSENGER
C03563520000,CONTI 215/60R16 CONTIPREMIUMCONTACT 5 95H,215/60R16,CONTI,CONTIPREMIUMCONTACT 5,ContiPremiumContact-5.png,215,60,R,16,,95H,,5,32100,TYRE,CONTI 215/60R16 CONTIPREMIUMCONTACT 5 95H,PASSENGER
C03563550000,CONTI 215/55R16 CONTIPREMIUMCONTACT 5 93W,215/55R16,CONTI,CONTIPREMIUMCONTACT 5,ContiPremiumContact-5.png,215,55,R,16,,93W,,9,33600,TYRE,CONTI 215/55R16 CONTIPREMIUMCONTACT 5 93W,PASSENGER
C03564210000,CONTI 225/50R17 CONTISPORTCONTACT 5 SSR 94W,225/50R17,CONTI,CONTISPORTCONTACT 5,ContiSportContact 5.jpg,225,50,R,17,SSR,94W,,16,44700,TYRE,CONTI 225/50R17 CONTISPORTCONTACT 5 SSR 94W,PASSENGER
C03565800000,CONTI 215/60R17 CONTIECOCONTACT 5 96H,215/60R17,CONTI,CONTIECOCONTACT 5,ContiEcoContact 5.jpg,215,60,R,17,,96H,,14,34000,TYRE,CONTI 215/60R17 CONTIECOCONTACT 5 96H,PASSENGER
C03578760000,CONTI 245/45R19 CONTISPORTCONTACT SSR 98W,245/45R19,CONTI,CONTISPORTCONTACT,,245,45,R,19,SSR,98W,,0,0,TYRE,CONTI 245/45R19 CONTISPORTCONTACT SSR 98W,PASSENGER
C03579200000,CONTI 265/35R18 CONTISPORTCONTACT 3 97Y,265/35R18,CONTI,CONTISPORTCONTACT 3,ContiSportContact 3.jpg,265,35,R,18,,97Y,,4,55000,TYRE,CONTI 265/35R18 CONTISPORTCONTACT 3 97Y,PASSENGER
C03579680000,CONTI 235/55R19 CONTISPORTCONTANT 5 XL 105V,235/55R19,CONTI,CONTISPORTCONTANT 5,ContiSportContact 5.jpg,235,55,R,19,XL,105V,,0,0,TYRE,CONTI 235/55R19 CONTISPORTCONTANT 5 XL 105V,4X4
C03580400000,CONTI 245/45R20 CROSSCONTACT UHP 103W,245/45R20,CONTI,CROSSCONTACT UHP,ContiCrossContact UHP.jpg,245,45,R,20,,103W,,4,75700,TYRE,CONTI 245/45R20 CROSSCONTACT UHP 103W,4X4
C04320330000,CONTI 255/55R19 CONTICROSSCONTACT UHP XL 111H,255/55R19,CONTI,CONTICROSSCONTACT UHP,ContiCrossContact UHP.jpg,255,55,R,19,XL,111H,,1,45000,TYRE,CONTI 255/55R19 CONTICROSSCONTACT UHP XL 111H,4X4
C04510570000,CONTI 235/85R16 CONTICROSSCONTACT AT 120/116S,235/85R16,CONTI,CONTICROSSCONTACT AT,ContiCrossContact AT.jpg,235,85,R,16,,120/116S,,101,34800,TYRE,CONTI 235/85R16 CONTICROSSCONTACT AT 120/116S,4X4
C04563260000,CONTI 215/80R15 WORLDCONTACT 4X4 111/109S,215/80R15,CONTI,WORLDCONTACT 4X4,ContiWorldContact 4x4.jpg,215,80,R,15,,111/109S,,40,25500,TYRE,CONTI 215/80R15 WORLDCONTACT 4X4 111/109S,4X4
C04563270000,CONTI 245/75R15C WORLDCONTACT 4X4 109/107S,245/75R15C,CONTI,WORLDCONTACT 4X4,ContiWorldContact 4x4.jpg,245,75,R,15,,109/107S,,4,29800,TYRE,CONTI 245/75R15C WORLDCONTACT 4X4 109/107S,4X4
C04563280000,CONTI 265/75R15 WORLDCONTACT 4X4 113/111S,265/75R15,CONTI,WORLDCONTACT 4X4,ContiWorldContact 4x4.jpg,265,75,R,15,,113/111S,,2,30500,TYRE,CONTI 265/75R15 WORLDCONTACT 4X4 113/111S,4X4
C04563380000,CONTI 205/70R15 WORLDCONTACT 4X4 106/104S,205/70R15,CONTI,WORLDCONTACT 4X4,ContiWorldContact 4x4.jpg,205,70,R,15,,106/104S,,97,21800,TYRE,CONTI 205/70R15 WORLDCONTACT 4X4 106/104S,4X4
C04567880000,CONTI 235/85R16 CONTICROSSCONTACT AT 120/116S,235/85R16,CONTI,CONTICROSSCONTACT AT,ContiCrossContact AT.jpg,235,85,R,16,,120/116S,,0,37100,TYRE,CONTI 235/85R16 CONTICROSSCONTACT AT 120/116S,4X4
C04567890000,CONTI 205R16 WORLDCONTACT 4X4 110/108S,205R16,CONTI,WORLDCONTACT 4X4,ContiWorldContact 4x4.jpg,205,,R,16,,110/108S,,142,27000,TYRE,CONTI 205R16 WORLDCONTACT 4X4 110/108S,4X4
C04710066000,CONTI 245/70R16 WORLDCONTACT 4X4 111/109T,245/70R16,CONTI,WORLDCONTACT 4X4,ContiWorldContact 4x4.jpg,245,70,R,16,,111/109T,,2,35200,TYRE,CONTI 245/70R16 WORLDCONTACT 4X4 111/109T,4X4
C15447990000,CONTI 265/50R20 CONTICROSSCONTACT UHP 111V,265/50R20,CONTI,CONTICROSSCONTACT UHP,ContiCrossContact UHP.jpg,265,50,R,20,,111V,,0,72000,TYRE,CONTI 265/50R20 CONTICROSSCONTACT UHP 111V,4X4
C15476250000,CONTI 215/65R16 CONTICROSSCONTACT AT 98T,215/65R16,CONTI,CONTICROSSCONTACT AT,ContiCrossContact AT.jpg,215,65,R,16,,98T,,1,26800,TYRE,CONTI 215/65R16 CONTICROSSCONTACT AT 98T,4X4
C15480050000,CONTI 235/65R17 CONTI4X4CONTACT MO FR 104V,235/65R17,CONTI,CONTI4X4CONTACT,Conti4x4Contact.jpg,235,65,R,17,MO FR,104V,,1,32000,TYRE,CONTI 235/65R17 CONTI4X4CONTACT MO FR 104V,4X4
C15493400000,CONTI 225/65R17 CONTICROSSCONTACT LX2 102H,225/65R17,CONTI,CONTICROSSCONTACT LX2,Conticrosscontact LX2.jpg,225,65,R,17,,102H,,0,35500,TYRE,CONTI 225/65R17 CONTICROSSCONTACT LX2 102H,4X4
C3509610000,CONTI 255/40R18 CONTISPORTCONTACT 5 SSR 95Y,255/40R18,CONTI,CONTISPORTCONTACT 5,ContiSportContact 5.jpg,255,40,R,18,SSR,95Y,,4,62300,TYRE,CONTI 255/40R18 CONTISPORTCONTACT 5 SSR 95Y,PASSENGER
C3515220000,CONTI 215/65R16 CONTI4X4CONTACT 98H,215/65R16,CONTI,CONTI4X4CONTACT,Conti4x4Contact.jpg,215,65,R,16,,98H,,8,26800,TYRE,CONTI 215/65R16 CONTI4X4CONTACT 98H,4X4
CST0001,CST 205/60R16 CS889 92V,205/60R16,CST,CS889,,205,60,R,16,,92V,,10,8200,TYRE,CST 205/60R16 CS889 92V,PASSENGER
CST0002,CST 225/60R18 CS900 100V,225/60R18,CST,CS900,,225,60,R,18,,100V,,7,16700,TYRE,CST 225/60R18 CS900 100V,PASSENGER
CST0003,CST 235/55R18 CS900 100V,235/55R18,CST,CS900,,235,55,R,18,,100V,,1,15400,TYRE,CST 235/55R18 CS900 100V,4X4
G04100760000,GENERAL 7.50-16 SAG 121/120L,7.50-16,GENERAL,SAG,SAG-Radial.png,7.50,,-,16,,121/120L,,0,37300,TYRE,GENERAL 7.50-16 SAG 121/120L,4X4
G04501040000,GENERAL 265/70R17 GRABBER AT 124/118Q,265/70R17,GENERAL,GRABBER AT,Grabber AT.jpg,265,70,R,17,,124/118Q,,1,40200,TYRE,GENERAL 265/70R17 GRABBER AT 124/118Q,4X4
G04501050000,GENERAL 255/60R18 GRABBER AT 112H,255/60R18,GENERAL,GRABBER AT,Grabber AT.jpg,255,60,R,18,,112H,,1,36000,TYRE,GENERAL 255/60R18 GRABBER AT 112H,4X4
G04501370000,GENERAL 235/65R17 GRABBER AT 108H,235/65R17,GENERAL,GRABBER AT,Grabber AT.jpg,235,65,R,17,,108H,,9,28800,TYRE,GENERAL 235/65R17 GRABBER AT 108H,4X4
G04502110000,GENERAL 235/85R16 GRABBER AT 120/116S,235/85R16,GENERAL,GRABBER AT,Grabber AT.jpg,235,85,R,16,,120/116S,,2,35400,TYRE,GENERAL 235/85R16 GRABBER AT 120/116S,4X4
G04502150000,GENERAL 225/65R17 GRABBER AT 102H,225/65R17,GENERAL,GRABBER AT,Grabber AT.jpg,225,65,R,17,,102H,,32,26800,TYRE,GENERAL 225/65R17 GRABBER AT 102H,4X4
G04502180000,GENERAL 215/60R17 GRABBER AT 96H,215/60R17,GENERAL,GRABBER AT,Grabber AT.jpg,215,60,R,17,,96H,,3,29100,TYRE,GENERAL 215/60R17 GRABBER AT 96H,4X4
G04502380000,GENERAL 225/60R17 GRABBER GT 99V,225/60R17,GENERAL,GRABBER GT,Grabber GT.jpg,225,60,R,17,,99V,,0,26400,TYRE,GENERAL 225/60R17 GRABBER GT 99V,4X4
G04502500000,GENERAL 235/55R18 GRABBER GT 100H,235/55R18,GENERAL,GRABBER GT,Grabber GT.jpg,235,55,R,18,,100H,,0,24900,TYRE,GENERAL 235/55R18 GRABBER GT 100H,4X4
G04502560000,GENERAL 255/50R19 GRABBER GT 107Y,255/50R19,GENERAL,GRABBER GT,Grabber GT.jpg,255,50,R,19,,107Y,,10,34200,TYRE,GENERAL 255/50R19 GRABBER GT 107Y,4X4
G04502600000,GENERAL 285/45R19 GRABBER GT 111W,285/45R19,GENERAL,GRABBER GT,Grabber GT.jpg,285,45,R,19,,111W,,15,33000,TYRE,GENERAL 285/45R19 GRABBER GT 111W,4X4
G04502620000,GENERAL 275/45R20 GRABBER GT 110Y,275/45R20,GENERAL,GRABBER GT,Grabber GT.jpg,275,45,R,20,,110Y,,24,31200,TYRE,GENERAL 275/45R20 GRABBER GT 110Y,4X4
G04503040000,GENERAL 235/55R19 GRABBER GT 105W,235/55R19,GENERAL,GRABBER GT,Grabber GT.jpg,235,55,R,19,,105W,,1,33800,TYRE,GENERAL 235/55R19 GRABBER GT 105W,4X4
G04503700000,GENERAL 275/40R20 GRABBER AT 106H,275/40R20,GENERAL,GRABBER AT,Grabber AT.jpg,275,40,R,20,,106H,,9,42700,TYRE,GENERAL 275/40R20 GRABBER AT 106H,4X4
G04503770000,GENERAL 255/55R19 GRABBER AT 111H,255/55R19,GENERAL,GRABBER AT,Grabber AT.jpg,255,55,R,19,,111H,,2,43000,TYRE,GENERAL 255/55R19 GRABBER AT 111H,4X4
G04503780000,GENERAL 255/50R19 GRABBER AT 107H,255/50R19,GENERAL,GRABBER AT,Grabber AT.jpg,255,50,R,19,,107H,,6,34200,TYRE,GENERAL 255/50R19 GRABBER AT 107H,4X4
G04504050000,GENERAL 245/70R16 GRABBER AT2 107S,245/70R16,GENERAL,GRABBER AT2,Grabber AT2.jpg,245,70,R,16,,107S,,36,27800,TYRE,GENERAL 245/70R16 GRABBER AT2 107S,4X4
G04506130000,GENERAL 205R16C GRABBER X3 110/108Q,205R16C,GENERAL,GRABBER X3,Grabber X3.png,205,,R,16,,110/108Q,,4,27800,TYRE,GENERAL 205R16C GRABBER X3 110/108Q,4X4
G04506140000,GENERAL 265/75R16 GRABBER X3 119/116Q,265/75R16,GENERAL,GRABBER X3,Grabber X3.png,265,75,R,16,,119/116Q,,66,41700,TYRE,GENERAL 265/75R16 GRABBER X3 119/116Q,4X4
G04506150000,GENERAL 235/85R16 GRABBER X3 120/116Q,235/85R16,GENERAL,GRABBER X3,Grabber X3.png,235,85,R,16,,120/116Q,,19,35400,TYRE,GENERAL 235/85R16 GRABBER X3 120/116Q,4X4
G04506200000,GENERAL 265/70R17 GRABBER X3 121/118Q,265/70R17,GENERAL,GRABBER X3,Grabber X3.png,265,70,R,17,,121/118Q,,5,40200,TYRE,GENERAL 265/70R17 GRABBER X3 121/118Q,4X4
G04506290000,GENERAL 31X10.5R15 GRABBER X3 109Q,31X10.5R15,GENERAL,GRABBER X3,Grabber X3.png,31,10.5,R,15,,109Q,,18,32400,TYRE,GENERAL 31X10.5R15 GRABBER X3 109Q,4X4
G04506390000,GENERAL 215/60R17 GRABBER AT3 96H,215/60R17,GENERAL,GRABBER AT3,Grabber AT3.png,215,60,R,17,,96H,,0,29100,TYRE,GENERAL 215/60R17 GRABBER AT3 96H,4X4
G04506400000,GENERAL 215/70R16 GRABBER AT3 100T,215/70R16,GENERAL,GRABBER AT3,Grabber AT3.png,215,70,R,16,,100T,,27,26800,TYRE,GENERAL 215/70R16 GRABBER AT3 100T,4X4
G04506410000,GENERAL 215/75R15 GRABBER AT3 100T,215/75R15,GENERAL,GRABBER AT3,Grabber AT3.png,215,75,R,15,,100T,,4,22000,TYRE,GENERAL 215/75R15 GRABBER AT3 100T,4X4
G04506420000,GENERAL 225/65R17 GRABBER AT3 102T,225/65R17,GENERAL,GRABBER AT3,Grabber AT3.png,225,65,R,17,,102T,,0,26800,TYRE,GENERAL 225/65R17 GRABBER AT3 102T,4X4
G04506530000,GENERAL 235/65R17 GRABBER AT3 108H,235/65R17,GENERAL,GRABBER AT3,Grabber AT3.png,235,65,R,17,,108H,,2,28800,TYRE,GENERAL 235/65R17 GRABBER AT3 108H,4X4
G04506560000,GENERAL 245/65R17 GRABBER AT3 XL 111H,245/65R17,GENERAL,GRABBER AT3,Grabber AT3.png,245,65,R,17,XL,111H,,0,0,TYRE,GENERAL 245/65R17 GRABBER AT3 XL 111H,4X4
G04506600000,GENERAL 255/55R18 GRABBER AT3 109H,255/55R18,GENERAL,GRABBER AT3,Grabber AT3.png,255,55,R,18,,109H,,20,33100,TYRE,GENERAL 255/55R18 GRABBER AT3 109H,4X4
G04506610000,GENERAL 255/55R19 GRABBER AT3 111H,255/55R19,GENERAL,GRABBER AT3,Grabber AT3.png,255,55,R,19,,111H,,11,43000,TYRE,GENERAL 255/55R19 GRABBER AT3 111H,4X4
G04506620000,GENERAL 255/55R20 GRABBER AT3 110H,255/55R20,GENERAL,GRABBER AT3,Grabber AT3.png,255,55,R,20,,110H,,0,37300,TYRE,GENERAL 255/55R20 GRABBER AT3 110H,4X4
G04506640000,GENERAL 255/70R15 GRABBER AT3 112T,255/70R15,GENERAL,GRABBER AT3,Grabber AT3.png,255,70,R,15,,112T,,22,24300,TYRE,GENERAL 255/70R15 GRABBER AT3 112T,4X4
G04506650000,GENERAL 265/60R18 GRABBER AT3 110H,265/60R18,GENERAL,GRABBER AT3,Grabber AT3.png,265,60,R,18,,110H,,19,33100,TYRE,GENERAL 265/60R18 GRABBER AT3 110H,4X4
G04506660000,GENERAL 265/65R17 GRABBER AT3 112H,265/65R17,GENERAL,GRABBER AT3,Grabber AT3.png,265,65,R,17,,112H,,104,34000,TYRE,GENERAL 265/65R17 GRABBER AT3 112H,4X4
G04506690000,GENERAL 265/70R16 GRABBER AT3 112H,265/70R16,GENERAL,GRABBER AT3,Grabber AT3.png,265,70,R,16,,112H,,57,31400,TYRE,GENERAL 265/70R16 GRABBER AT3 112H,4X4
G04506880000,GENERAL 215/65R16 GRABBER AT3 103/100S,215/65R16,GENERAL,GRABBER AT3,Grabber AT3.png,215,65,R,16,,103/100S,,7,0,TYRE,GENERAL 215/65R16 GRABBER AT3 103/100S,4X4
G04506890000,GENERAL 235/70R16 GRABBER AT3 110/107S,235/70R16,GENERAL,GRABBER AT3,Grabber AT3.png,235,70,R,16,,110/107S,,3,27700,TYRE,GENERAL 235/70R16 GRABBER AT3 110/107S,4X4
G04506900000,GENERAL 235/75R15 GRABBER AT3 110/107S,235/75R15,GENERAL,GRABBER AT3,Grabber AT3.png,235,75,R,15,,110/107S,,0,0,TYRE,GENERAL 235/75R15 GRABBER AT3 110/107S,4X4
G04506940000,GENERAL 255/70R16 GRABBER AT3 120/117S,255/70R16,GENERAL,GRABBER AT3,Grabber AT3.png,255,70,R,16,,120/117S,,15,0,TYRE,GENERAL 255/70R16 GRABBER AT3 120/117S,4X4
G04506980000,GENERAL 215/80R15 GRABBER AT3 112/109S,215/80R15,GENERAL,GRABBER AT3,Grabber AT3.png,215,80,R,15,,112/109S,,10,24000,TYRE,GENERAL 215/80R15 GRABBER AT3 112/109S,4X4
G04507000000,GENERAL 235/85R16 GRABBER AT3 120/116S,235/85R16,GENERAL,GRABBER AT3,Grabber AT3.png,235,85,R,16,,120/116S,,30,0,TYRE,GENERAL 235/85R16 GRABBER AT3 120/116S,4X4
G04507010000,GENERAL 245/75R16 GRABBER AT3 120/116S,245/75R16,GENERAL,GRABBER AT3,Grabber AT3.png,245,75,R,16,,120/116S,,0,0,TYRE,GENERAL 245/75R16 GRABBER AT3 120/116S,4X4
G04507020000,GENERAL 265/70R17 GRABBER AT3 121/118S,265/70R17,GENERAL,GRABBER AT3,Grabber AT3.png,265,70,R,17,,121/118S,,0,0,TYRE,GENERAL 265/70R17 GRABBER AT3 121/118S,4X4
G04507340000,GENERAL 255/60R18 GRABBER AT3 112H,255/60R18,GENERAL,GRABBER AT3,Grabber AT3.png,255,60,R,18,,112H,,8,36000,TYRE,GENERAL 255/60R18 GRABBER AT3 112H,4X4
G04565950000,GENERAL 275/65R18 GRABBER AT2 123/120Q,275/65R18,GENERAL,GRABBER AT2,Grabber AT2.jpg,275,65,R,18,,123/120Q,,6,44500,TYRE,GENERAL 275/65R18 GRABBER AT2 123/120Q,4X4
G04566890000,GENERAL 285/60R18 GRABBER AT2 122/119Q,285/60R18,GENERAL,GRABBER AT2,Grabber AT2.jpg,285,60,R,18,,122/119Q,,29,51700,TYRE,GENERAL 285/60R18 GRABBER AT2 122/119Q,4X4
G04568630000,GENERAL 235/75R15 GRABBER AT2 XL 109S,235/75R15,GENERAL,GRABBER AT2,Grabber AT2.jpg,235,75,R,15,XL,109S,,1,23200,TYRE,GENERAL 235/75R15 GRABBER AT2 XL 109S,4X4
G04568900000,GENERAL 285/75R16 GRABBER AT 126/123Q,285/75R16,GENERAL,GRABBER AT,Grabber AT.jpg,285,75,R,16,,126/123Q,,4,37600,TYRE,GENERAL 285/75R16 GRABBER AT 126/123Q,4X4
G05684090000,GENERAL 265/75R16 GRABBER AT2 123/120Q,265/75R16,GENERAL,GRABBER AT2,Grabber AT2.jpg,265,75,R,16,,123/120Q,,1,36600,TYRE,GENERAL 265/75R16 GRABBER AT2 123/120Q,4X4
G05684100000,GENERAL 285/75R16 GRABBER AT2 OWL 122/119Q,285/75R16,GENERAL,GRABBER AT2,Grabber AT2.jpg,285,75,R,16,OWL,122/119Q,,1,37600,TYRE,GENERAL 285/75R16 GRABBER AT2 OWL 122/119Q,4X4
G05684120000,GENERAL 315/75R16 GRABBER AT2 121Q,315/75R16,GENERAL,GRABBER AT2,Grabber AT2.jpg,215,75,R,16,,121Q,,4,43300,TYRE,GENERAL 315/75R16 GRABBER AT2 121Q,4X4
G15463710000,GENERAL 215/70R16 GRABBER AT2 100T,215/70R16,GENERAL,GRABBER AT2,Grabber AT2.jpg,215,70,R,16,,100T,,2,26800,TYRE,GENERAL 215/70R16 GRABBER AT2 100T,4X4
G15463780000,GENERAL 265/70R15 GRABBER AT2 112S,265/70R15,GENERAL,GRABBER AT2,Grabber AT2.jpg,265,70,R,15,,112S,,0,27600,TYRE,GENERAL 265/70R15 GRABBER AT2 112S,4X4
G15474590000,GENERAL 255/70R16 OWL FR GRABBER AT2 111S,255/70R16 OWL FR,GENERAL,GRABBER AT2,Grabber AT2.jpg,255,70,R,16,,111S,,1,31600,TYRE,GENERAL 255/70R16 OWL FR GRABBER AT2 111S,4X4
G15477940000,GENERAL 255/55R18 GRABBER AT2 109H,255/55R18,GENERAL,GRABBER AT2,Grabber AT2.jpg,255,55,R,18,,109H,,1,33100,TYRE,GENERAL 255/55R18 GRABBER AT2 109H,4X4
G15523250000,GENERAL 215/60R16 ALTIMAX COMFORT 99V,215/60R16,GENERAL,ALTIMAX COMFORT,Altimax Comfort.png,215,60,R,16,,99V,,88,17600,TYRE,GENERAL 215/60R16 ALTIMAX COMFORT 99V,PASSENGER
G15523620000,GENERAL 175/70R14 ALTIMAX COMFORT 84T,175/70R14,GENERAL,ALTIMAX COMFORT,Altimax Comfort.png,175,70,R,14,,84T,,0,9100,TYRE,GENERAL 175/70R14 ALTIMAX COMFORT 84T,PASSENGER
G15524230000,GENERAL 185/65R15 ALTIMAX COMFORT 92T,185/65R15,GENERAL,ALTIMAX COMFORT,Altimax Comfort.png,185,65,R,15,,92T,,11,11500,TYRE,GENERAL 185/65R15 ALTIMAX COMFORT 92T,PASSENGER
G15524240000,GENERAL 185/70R14 ALTIMAX COMFORT 88T,185/70R14,GENERAL,ALTIMAX COMFORT,Altimax Comfort.png,185,70,R,14,,88T,,134,9900,TYRE,GENERAL 185/70R14 ALTIMAX COMFORT 88T,PASSENGER
G15524830000,GENERAL 195/65R15 ALTIMAX COMFORT 91T,195/65R15,GENERAL,ALTIMAX COMFORT,Altimax Comfort.png,195,65,R,15,,91T,,106,10200,TYRE,GENERAL 195/65R15 ALTIMAX COMFORT 91T,PASSENGER
G15526710000,GENERAL 205/55R16 ALTIMAX SPORT 91V,205/55R16,GENERAL,ALTIMAX SPORT,Altimax Sport.jpg,205,55,R,16,,91V,,73,12700,TYRE,GENERAL 205/55R16 ALTIMAX SPORT 91V,PASSENGER
G15526830000,GENERAL 205/60R16 ALTIMAX COMFORT 92H,205/60R16,GENERAL,ALTIMAX COMFORT,Altimax Comfort.png,205,60,R,16,,92H,,8,15200,TYRE,GENERAL 205/60R16 ALTIMAX COMFORT 92H,PASSENGER
G15526940000,GENERAL 205/65R15 ALTIMAX COMFORT 94H,205/65R15,GENERAL,ALTIMAX COMFORT,Altimax Comfort.png,205,65,R,15,,94H,,20,12300,TYRE,GENERAL 205/65R15 ALTIMAX COMFORT 94H,PASSENGER
G15527050000,GENERAL 215/45R17 ALTIMAX SPORT 91Y,215/45R17,GENERAL,ALTIMAX SPORT,Altimax Sport.jpg,215,45,R,17,,91Y,,3,17500,TYRE,GENERAL 215/45R17 ALTIMAX SPORT 91Y,PASSENGER
G15527060000,GENERAL 215/50R17 ALTIMAX SPORT 91Y,215/50R17,GENERAL,ALTIMAX SPORT,Altimax Sport.jpg,215,50,R,17,,91Y,,2,18000,TYRE,GENERAL 215/50R17 ALTIMAX SPORT 91Y,PASSENGER
G15527090000,GENERAL 215/55R16 ALTIMAX SPORT 93Y,215/55R16,GENERAL,ALTIMAX SPORT,Altimax Sport.jpg,215,55,R,16,,93Y,,15,16810.345,TYRE,GENERAL 215/55R16 ALTIMAX SPORT 93Y,PASSENGER
G15527270000,GENERAL 215/55R17 ALTIMAX SPORT 94Y,215/55R17,GENERAL,ALTIMAX SPORT,Altimax Sport.jpg,215,55,R,17,,94Y,,42,19000,TYRE,GENERAL 215/55R17 ALTIMAX SPORT 94Y,PASSENGER
G15527300000,GENERAL 225/40R18 ALTIMAX SPORT 92Y,225/40R18,GENERAL,ALTIMAX SPORT,Altimax Sport.jpg,225,40,R,18,,92Y,,13,22000,TYRE,GENERAL 225/40R18 ALTIMAX SPORT 92Y,PASSENGER
G15527310000,GENERAL 225/45R17 ALTIMAX SPORT 91Y,225/45R17,GENERAL,ALTIMAX SPORT,Altimax Sport.jpg,225,45,R,17,,91Y,,23,16000,TYRE,GENERAL 225/45R17 ALTIMAX SPORT 91Y,PASSENGER
G15527330000,GENERAL 225/45R18 ALTIMAX SPORT 95Y,225/45R18,GENERAL,ALTIMAX SPORT,Altimax Sport.jpg,225,45,R,18,,95Y,,3,21000,TYRE,GENERAL 225/45R18 ALTIMAX SPORT 95Y,PASSENGER
G15527420000,GENERAL 225/55R17 ALTIMAX SPORT 97Y,225/55R17,GENERAL,ALTIMAX SPORT,Altimax Sport.jpg,225,55,R,17,,97Y,,0,22043.966,TYRE,GENERAL 225/55R17 ALTIMAX SPORT 97Y,PASSENGER
G15527510000,GENERAL 245/40R18 ALTIMAX SPORT 93Y,245/40R18,GENERAL,ALTIMAX SPORT,Altimax Sport.jpg,245,40,R,18,,93Y,,4,21500,TYRE,GENERAL 245/40R18 ALTIMAX SPORT 93Y,PASSENGER
G15529450000,GENERAL 165/80R13 ALTIMAX COMFORT 83T,165/80R13,GENERAL,ALTIMAX COMFORT,Altimax Comfort.png,165,80,R,13,,83T,,70,8100,TYRE,GENERAL 165/80R13 ALTIMAX COMFORT 83T,PASSENGER
G4506180000,GENERAL 285/75R16 GRABBER X3 116/113Q,285/75R16,GENERAL,GRABBER X3,Grabber X3.png,285,75,R,16,,116/113Q,,8,46500,TYRE,GENERAL 285/75R16 GRABBER X3 116/113Q,4X4
HK1004296,HANKOOK 275/45R20 RH06 109V,275/45R20,HANKOOK,RH06,RH06.jpg,275,45,R,20,,109V,,0,38000,TYRE,HANKOOK 275/45R20 RH06 109V,4X4
HK1004312,HANKOOK 215/65R16 RA23 102T,215/65R16,HANKOOK,RA23,RA23.jpg,215,65,R,16,,102T,,5,18300,TYRE,HANKOOK 215/65R16 RA23 102T,4X4
HK1004328,HANKOOK 275/40R20 RH06 106W,275/40R20,HANKOOK,RH06,RH06.jpg,275,40,R,20,,106W,,0,36000,TYRE,HANKOOK 275/40R20 RH06 106W,4X4
HK1004865,HANKOOK 225/55R17 RH06 97V,225/55R17,HANKOOK,RH06,RH06.jpg,225,55,R,17,,97V,,0,20800,TYRE,HANKOOK 225/55R17 RH06 97V,4X4
HK1006606,HANKOOK 185/70R13 K715 86T,185/70R13,HANKOOK,K715,K715.jpg,185,70,R,13,,86T,,0,0,TYRE,HANKOOK 185/70R13 K715 86T,PASSENGER
HK1006651,HANKOOK 225/60R17 RA23 99H,225/60R17,HANKOOK,RA23,RA23.jpg,225,60,R,17,,99H,,2,21300,TYRE,HANKOOK 225/60R17 RA23 99H,4X4
HK1006875,HANKOOK 185/70R14 K715 84T,185/70R14,HANKOOK,K715,K715.jpg,185,70,R,14,,84T,,0,9300,TYRE,HANKOOK 185/70R14 K715 84T,PASSENGER
HK1006892,HANKOOK 195/65R15 K715 91H,195/65R15,HANKOOK,K715,K715.jpg,195,65,R,15,,91H,,2,11500,TYRE,HANKOOK 195/65R15 K715 91H,PASSENGER
HK1006959,HANKOOK 215/65R16 RA23 102T,215/65R16,HANKOOK,RA23,RA23.jpg,215,65,R,16,,102T,,45,18300,TYRE,HANKOOK 215/65R16 RA23 102T,4X4
HK1007650,HANKOOK 175/70R13 K715 82T,175/70R13,HANKOOK,K715,K715.jpg,175,70,R,13,,82T,,0,8500,TYRE,HANKOOK 175/70R13 K715 82T,PASSENGER
HK1007693,HANKOOK 235/55R17 RA23 99V,235/55R17,HANKOOK,RA23,RA23.jpg,235,55,R,17,,99V,,0,20200,TYRE,HANKOOK 235/55R17 RA23 99V,4X4
HK1008216,HANKOOK 245/45R18 K110 100Y,245/45R18,HANKOOK,K110,K110.jpg,245,45,R,18,,100Y,,2,26000,TYRE,HANKOOK 245/45R18 K110 100Y,PASSENGER
HK1008539,HANKOOK 285/45R19 RH07 107W,285/45R19,HANKOOK,RH07,RH07.jpg,285,45,R,19,,107W,,0,38000,TYRE,HANKOOK 285/45R19 RH07 107W,4X4
HK1008594,HANKOOK 255/55R19 RH07 111V,255/55R19,HANKOOK,RH07,RH07.jpg,255,55,R,19,,111V,,2,34000,TYRE,HANKOOK 255/55R19 RH07 111V,4X4
HK1008674,HANKOOK 255/65R17 RF10 110T,255/65R17,HANKOOK,RF10,RF10.jpg,255,65,R,17,,110T,,1,0,TYRE,HANKOOK 255/65R17 RF10 110T,4X4
HK1008717,HANKOOK 235/70R16 RF10 XL  107T,235/70R16,HANKOOK,RF10,RF10.jpg,235,70,R,16,XL ,107T,,0,23800,TYRE,HANKOOK 235/70R16 RF10 XL  107T,4X4
HK1009329,HANKOOK 275/65R18 RF10 114T,275/65R18,HANKOOK,RF10,RF10.jpg,275,65,R,18,,114T,,35,35000,TYRE,HANKOOK 275/65R18 RF10 114T,4X4
HK1009659,HANKOOK 255/60R18 RF10 107T,255/60R18,HANKOOK,RF10,RF10.jpg,255,60,R,18,,107T,,0,24100,TYRE,HANKOOK 255/60R18 RF10 107T,4X4
HK1009660,HANKOOK 235/60R18 RF10 102T,235/60R18,HANKOOK,RF10,RF10.jpg,235,60,R,18,,102T,,0,21500,TYRE,HANKOOK 235/60R18 RF10 102T,4X4
HK1009708,HANKOOK 205/55R16 K115 91W,205/55R16,HANKOOK,K115,K115.jpg,205,55,R,16,,91W,,0,14900,TYRE,HANKOOK 205/55R16 K115 91W,PASSENGER
HK1009847,HANKOOK 215/60R17 RA23 96H,215/60R17,HANKOOK,RA23,RA23.jpg,215,60,R,17,,96H,,0,20300,TYRE,HANKOOK 215/60R17 RA23 96H,4X4
HK1009918,HANKOOK 205/65R15 K424 94H,205/65R15,HANKOOK,K424,K424.jpg,205,65,R,15,,94H,,0,12000,TYRE,HANKOOK 205/65R15 K424 94H,PASSENGER
HK1009946,HANKOOK 205/55R16 K114 91V,205/55R16,HANKOOK,K114,K114.jpg,205,55,R,16,,91V,,45,12800,TYRE,HANKOOK 205/55R16 K114 91V,PASSENGER
HK1010026,HANKOOK 215/55R16 K114 93V,215/55R16,HANKOOK,K114,K114.jpg,215,55,R,16,,93V,,25,15600,TYRE,HANKOOK 215/55R16 K114 93V,PASSENGER
HK1010027,HANKOOK 225/55R16 K114 95V,225/55R16,HANKOOK,K114,K114.jpg,225,55,R,16,,95V,,0,16000,TYRE,HANKOOK 225/55R16 K114 95V,PASSENGER
HK1010028,HANKOOK 215/55R17 K114 94W,215/55R17,HANKOOK,K114,K114.jpg,215,55,R,17,,94W,,25,19500,TYRE,HANKOOK 215/55R17 K114 94W,PASSENGER
HK1010030,HANKOOK 235/55R17 K114 99W,235/55R17,HANKOOK,K114,K114.jpg,235,55,R,17,,99W,,1,25000,TYRE,HANKOOK 235/55R17 K114 99W,PASSENGER
HK1010031,HANKOOK 235/45R17 K114 97W,235/45R17,HANKOOK,K114,K114.jpg,235,45,R,17,,97W,,0,20500,TYRE,HANKOOK 235/45R17 K114 97W,PASSENGER
HK1010034,HANKOOK 225/55R18 K114 98V,225/55R18,HANKOOK,K114,K114.jpg,225,55,R,18,,98V,,2,24000,TYRE,HANKOOK 225/55R18 K114 98V,4X4
HK1010036,HANKOOK 215/60R16 K114 95V,215/60R16,HANKOOK,K114,K114.jpg,215,60,R,16,,95V,,46,16300,TYRE,HANKOOK 215/60R16 K114 95V,PASSENGER
HK1010146,HANKOOK 225/55R17 K114 97W,225/55R17,HANKOOK,K114,K114.jpg,225,55,R,17,,97W,,0,20800,TYRE,HANKOOK 225/55R17 K114 97W,PASSENGER
HK1010589,HANKOOK 195/65R15 K425 91H,195/65R15,HANKOOK,K425,K425.png,195,65,R,15,,91H,,18,11500,TYRE,HANKOOK 195/65R15 K425 91H,PASSENGER
HK1010709,HANKOOK 185/65R15 K424 88H,185/65R15,HANKOOK,K424,K424.jpg,185,65,R,15,,88H,,0,10300,TYRE,HANKOOK 185/65R15 K424 88H,PASSENGER
HK1010710,HANKOOK 195/70R14 K424 91H,195/70R14,HANKOOK,K424,K424.jpg,195,70,R,14,,91H,,10,10500,TYRE,HANKOOK 195/70R14 K424 91H,PASSENGER
HK1010713,HANKOOK 185/65R14 K424 88H,185/65R14,HANKOOK,K424,K424.jpg,185,65,R,14,,88H,,2,8900,TYRE,HANKOOK 185/65R14 K424 88H,PASSENGER
HK1010809,HANKOOK 225/45R17 K115 94W,225/45R17,HANKOOK,K115,K115.jpg,225,45,R,17,,94W,,0,16500,TYRE,HANKOOK 225/45R17 K115 94W,PASSENGER
HK1010831,HANKOOK 185/70R14 K424 88H,185/70R14,HANKOOK,K424,K424.jpg,185,70,R,14,,88H,,0,8900,TYRE,HANKOOK 185/70R14 K424 88H,PASSENGER
HK1010832,HANKOOK 175/70R14 K424 84H,175/70R14,HANKOOK,K424,K424.jpg,175,70,R,14,,84H,,0,8800,TYRE,HANKOOK 175/70R14 K424 84H,PASSENGER
HK1010841,HANKOOK 205/70R15 RF10 96T,205/70R15,HANKOOK,RF10,RF10.jpg,205,70,R,15,,96T,,0,15400,TYRE,HANKOOK 205/70R15 RF10 96T,4X4
HK1011332,HANKOOK P215/70R16 RH12 99T,P215/70R16,HANKOOK,RH12,,215,70,R,16,,99T,,6,19500,TYRE,HANKOOK P215/70R16 RH12 99T,4X4
HK1011716,HANKOOK 215/50R17 H437 91V,215/50R17,HANKOOK,H437,H437.jpg,215,50,R,17,,91V,,0,17500,TYRE,HANKOOK 215/50R17 H437 91V,PASSENGER
HK1012050,HANKOOK 175/65R14 K424 82H,175/65R14,HANKOOK,K424,K424.jpg,175,,65,14,,82H,,0,9150,TYRE,HANKOOK 175/65R14 K424 82H,PASSENGER
HK1012058,HANKOOK 215/60R16 K424 95H,215/60R16,HANKOOK,K424,K424.jpg,215,60,R,16,,95H,,10,16300,TYRE,HANKOOK 215/60R16 K424 95H,PASSENGER
HK1012059,HANKOOK 205/60R16 K424 92H,205/60R16,HANKOOK,K424,K424.jpg,205,60,R,16,,92H,,16,15300,TYRE,HANKOOK 205/60R16 K424 92H,PASSENGER
HK1012638,HANKOOK 185/70R13 K715 86T,185/70R13,HANKOOK,K715,K715.jpg,185,70,R,13,,86T,,1,8200,TYRE,HANKOOK 185/70R13 K715 86T,PASSENGER
HK1012743,HANKOOK 275/40R20 K117A XL  106Y,275/40R20,HANKOOK,K117A,K117.jpg,275,40,R,20,XL ,106Y,,0,0,TYRE,HANKOOK 275/40R20 K117A XL  106Y,4X4
HK1012854,HANKOOK 225/40R18 K117 92Y,225/40R18,HANKOOK,K117,K117.jpg,225,40,R,18,,92Y,,0,22500,TYRE,HANKOOK 225/40R18 K117 92Y,PASSENGER
HK1012873,HANKOOK 245/45R17 K117 99Y,245/45R17,HANKOOK,K117,K117.jpg,245,45,R,17,,99Y,,0,24000,TYRE,HANKOOK 245/45R17 K117 99Y,PASSENGER
HK1014141,HANKOOK 215/70R16 RA33 100H,215/70R16,HANKOOK,RA33,RA33.jpg,215,70,R,16,,100H,,44,19500,TYRE,HANKOOK 215/70R16 RA33 100H,4X4
HK1014145,HANKOOK 225/65R17 RA33 102H,225/65R17,HANKOOK,RA33,RA33.jpg,225,65,R,17,,102H,,0,21400,TYRE,HANKOOK 225/65R17 RA33 102H,4X4
HK1014151,HANKOOK 225/60R17 RA33 99H,225/60R17,HANKOOK,RA33,RA33.jpg,225,60,R,17,,99H,,0,21300,TYRE,HANKOOK 225/60R17 RA33 99H,4X4
HK1014581,HANKOOK 275/70R16 RF10 114T,275/70R16,HANKOOK,RF10,RF10.jpg,275,70,R,16,,114T,,0,28800,TYRE,HANKOOK 275/70R16 RF10 114T,4X4
HK1014962,HANKOOK 205/55R16 K115 91H,205/55R16,HANKOOK,K115,K115.jpg,205,55,R,16,,91H,,29,12800,TYRE,HANKOOK 205/55R16 K115 91H,PASSENGER
HK1015053,HANKOOK 235/55R19 RA33 101V,235/55R19,HANKOOK,RA33,RA33.jpg,235,55,R,19,,101V,,0,22400,TYRE,HANKOOK 235/55R19 RA33 101V,4X4
HK1015169,HANKOOK 265/65R17 RF10 110T,265/65R17,HANKOOK,RF10,RF10.jpg,265,65,R,17,,110T,,0,26400,TYRE,HANKOOK 265/65R17 RF10 110T,4X4
HK1015171,HANKOOK 265/70R16 RF10 111T,265/70R16,HANKOOK,RF10,RF10.jpg,265,70,R,16,,111T,,27,25500,TYRE,HANKOOK 265/70R16 RF10 111T,4X4
HK1015240,HANKOOK 245/45R17 K120 99Y,245/45R17,HANKOOK,K120,K120.jpg,245,45,R,17,,99Y,,0,24000,TYRE,HANKOOK 245/45R17 K120 99Y,PASSENGER
HK1015250,HANKOOK 245/45R18 K120 100Y,245/45R18,HANKOOK,K120,K120.jpg,245,45,R,18,,100Y,,0,26000,TYRE,HANKOOK 245/45R18 K120 100Y,PASSENGER
HK1015262,HANKOOK 235/55R18 RA33 100V,235/55R18,HANKOOK,RA33,RA33.jpg,235,55,R,18,,100V,,0,27000,TYRE,HANKOOK 235/55R18 RA33 100V,4X4
HK1015268,HANKOOK 285/60R18 RA33 116V,285/60R18,HANKOOK,RA33,RA33.jpg,285,60,R,18,,116V,,5,37000,TYRE,HANKOOK 285/60R18 RA33 116V,4X4
HK1015276,HANKOOK 255/50R20 RA33 XL 109V,255/50R20,HANKOOK,RA33,RA33.jpg,255,50,R,20,XL,109V,,0,34000,TYRE,HANKOOK 255/50R20 RA33 XL 109V,4X4
HK1015277,HANKOOK 265/50R20 RA33 107V,265/50R20,HANKOOK,RA33,RA33.jpg,265,50,R,20,,107V,,0,0,TYRE,HANKOOK 265/50R20 RA33 107V,4X4
HK1015279,HANKOOK 285/50R20 RA33 112V,285/50R20,HANKOOK,RA33,RA33.jpg,285,50,R,20,,112V,,1,43000,TYRE,HANKOOK 285/50R20 RA33 112V,4X4
HK1015304,HANKOOK 275/60R18 RA33 113H,275/60R18,HANKOOK,RA33,RA33.jpg,275,60,R,18,,113H,,9,33500,TYRE,HANKOOK 275/60R18 RA33 113H,4X4
HK1015367,HANKOOK 245/45R20 K120 103Y,245/45R20,HANKOOK,K120,K120.jpg,245,45,R,20,,103Y,,0,0,TYRE,HANKOOK 245/45R20 K120 103Y,4X4
HK1015385,HANKOOK 255/50R19 K117 XL 107W,255/50R19,HANKOOK,K117,K117.jpg,255,50,R,19,XL,107W,,1,34000,TYRE,HANKOOK 255/50R19 K117 XL 107W,4X4
HK1015401,HANKOOK 215/45R17 K120 ZR 91Y,215/45R17,HANKOOK,K120,K120.jpg,215,45,R,17,ZR,91Y,,3,18000,TYRE,HANKOOK 215/45R17 K120 ZR 91Y,PASSENGER
HK1015412,HANKOOK 225/45R17 K120 ZR 94Y,225/45R17,HANKOOK,K120,K120.jpg,225,45,R,17,ZR,94Y,,0,16500,TYRE,HANKOOK 225/45R17 K120 ZR 94Y,PASSENGER
HK1015415,HANKOOK 225/45R18 K120 95Y,225/45R18,HANKOOK,K120,K120.jpg,225,45,R,18,,95Y,,15,24000,TYRE,HANKOOK 225/45R18 K120 95Y,PASSENGER
HK1015418,HANKOOK 245/40R18 K120 97Y,245/40R18,HANKOOK,K120,K120.jpg,245,40,R,18,,97Y,,0,26000,TYRE,HANKOOK 245/40R18 K120 97Y,PASSENGER
HK1015689,HANKOOK 225/50ZR17 K120 XL 98Y,225/50ZR17,HANKOOK,K120,K120.jpg,225,50,R,17,XL,98Y,,0,0,TYRE,HANKOOK 225/50ZR17 K120 XL 98Y,PASSENGER
HK1016525,HANKOOK 255/55R18 RA33 XL 109V,255/55R18,HANKOOK,RA33,RA33.jpg,255,55,R,18,XL,109V,,0,24800,TYRE,HANKOOK 255/55R18 RA33 XL 109V,4X4
HK1016860,HANKOOK 225/40R18 K120 XL 92Y,225/40R18,HANKOOK,K120,K120.jpg,225,40,R,18,XL,92Y,,0,15300,TYRE,HANKOOK 225/40R18 K120 XL 92Y,PASSENGER
HK1017840,HANKOOK 225/60R18 K120 ZR 100W,225/60R18,HANKOOK,K120,K120.jpg,225,60,R,18,ZR,100W,,0,25500,TYRE,HANKOOK 225/60R18 K120 ZR 100W,PASSENGER
HK1018744,HANKOOK 235/65R17 RF10 103T,235/65R17,HANKOOK,RF10,RF10.jpg,235,65,R,17,,103T,,3,22500,TYRE,HANKOOK 235/65R17 RF10 103T,4X4
HK1018746,HANKOOK 245/65R17 RF10 XL 111T,245/65R17,HANKOOK,RF10,RF10.jpg,245,65,R,17,XL,111T,,0,0,TYRE,HANKOOK 245/65R17 RF10 XL 111T,4X4
HK1018750,HANKOOK 265/65R17 RF10 OWL 112T,265/65R17,HANKOOK,RF10,RF10.jpg,265,65,R,17,OWL,112T,,36,26400,TYRE,HANKOOK 265/65R17 RF10 OWL 112T,4X4
HK1018756,HANKOOK 265/70R16 RF10 112T,265/70R16,HANKOOK,RF10,RF10.jpg,265,70,R,16,,112T,,0,0,TYRE,HANKOOK 265/70R16 RF10 112T,4X4
HK1018758,HANKOOK 245/75R16 RF10 LT 120/116S,245/75R16,HANKOOK,RF10,RF10.jpg,245,75,R,16,LT,120/116S,,0,27000,TYRE,HANKOOK 245/75R16 RF10 LT 120/116S,4X4
HK1018762,HANKOOK 215/80R15 RF10 102S,215/80R15,HANKOOK,RF10,RF10.jpg,215,80,R,15,,102S,,0,19800,TYRE,HANKOOK 215/80R15 RF10 102S,4X4
HK1018885,HANKOOK 245/70R16 RF10 XL 111T,245/70R16,HANKOOK,RF10,RF10.jpg,245,70,R,16,XL,111T,,11,24000,TYRE,HANKOOK 245/70R16 RF10 XL 111T,4X4
HK1018895,HANKOOK 265/75R16 RF10 114T,265/75R16,HANKOOK,RF10,RF10.jpg,265,75,R,16,,114T,,0,31300,TYRE,HANKOOK 265/75R16 RF10 114T,4X4
HK1018913,HANKOOK 255/55R19 RF10 XL 111H,255/55R19,HANKOOK,RF10,RF10.jpg,255,55,R,19,XL,111H,,0,34000,TYRE,HANKOOK 255/55R19 RF10 XL 111H,4X4
HK1018915,HANKOOK 225/75R16 RF10 XL 106T,225/75R16,HANKOOK,RF10,RF10.jpg,225,75,R,16,XL,106T,,2,25000,TYRE,HANKOOK 225/75R16 RF10 XL 106T,4X4
HK1019502,HANKOOK 255/70R16 RF10 111T,255/70R16,HANKOOK,RF10,RF10.jpg,255,70,R,16,,111T,,0,0,TYRE,HANKOOK 255/70R16 RF10 111T,4X4
HK1019543,HANKOOK 265/60R18 RF10 114T,265/60R18,HANKOOK,RF10,RF10.jpg,265,60,R,18,,114T,,0,34000,TYRE,HANKOOK 265/60R18 RF10 114T,4X4
HK1021562,HANKOOK 265/45R20 RA33 XL 108V,265/45R20,HANKOOK,RA33,RA33.jpg,265,45,R,20,XL,108V,,0,0,TYRE,HANKOOK 265/45R20 RA33 XL 108V,4X4
HK2000789,HANKOOK 31X10.5R15 RT03 120/116R,31X10.5R15,HANKOOK,RT03,RT03.jpg,31,10.5,R,15,,120/116R,,15,28900,TYRE,HANKOOK 31X10.5R15 RT03 120/116R,4X4
HK2001027,HANKOOK 265/75R16 RT03 LT 123/120,265/75R16,HANKOOK,RT03,RT03.jpg,265,75,R,16,LT,123/120,,0,34500,TYRE,HANKOOK 265/75R16 RT03 LT 123/120,4X4
HK2001028,HANKOOK 285/75R16 RT03 LT 127R,285/75R16,HANKOOK,RT03,RT03.jpg,285,75,R,16,LT,127R,,8,40000,TYRE,HANKOOK 285/75R16 RT03 LT 127R,4X4
HK2001150,HANKOOK 235/85R16 RF10 LT 120/116R,235/85R16,HANKOOK,RF10,RF10.jpg,235,85,R,16,LT,120/116R,,0,30000,TYRE,HANKOOK 235/85R16 RF10 LT 120/116R,4X4
HK2001285,HANKOOK 225/75R16 RT03 115/112Q,225/75R16,HANKOOK,RT03,RT03.jpg,225,75,R,16,,115/112Q,,0,27000,TYRE,HANKOOK 225/75R16 RT03 115/112Q,4X4
HK2001287,HANKOOK 235/85R16 RT03 LT 120/116Q,235/85R16,HANKOOK,RT03,RT03.jpg,235,85,R,16,LT,120/116Q,,0,32700,TYRE,HANKOOK 235/85R16 RT03 LT 120/116Q,4X4
HK2001312,HANKOOK 265/75R16 RF10 LT 123/120,265/75R16,HANKOOK,RF10,RF10.jpg,265,75,R,16,LT,123/120,,0,31300,TYRE,HANKOOK 265/75R16 RF10 LT 123/120,4X4
HK2001370,HANKOOK 31X10.5R15 RF10 109R,31X10.5R15,HANKOOK,RF10,RF10.jpg,31,10.5,R,15,,109R,,2,26800,TYRE,HANKOOK 31X10.5R15 RF10 109R,4X4
HK2001372,HANKOOK LT235/75R15 RF10 104/101R,LT235/75R15,HANKOOK,RF10,RF10.jpg,235,75,R,15,,104/101R,,5,23500,TYRE,HANKOOK LT235/75R15 RF10 104/101R,4X4
HK2001376,HANKOOK LT245/75R16 RF10 LT 120/116S,LT245/75R16,HANKOOK,RF10,RF10.jpg,245,75,R,16,LT,120/116S,,0,27000,TYRE,HANKOOK LT245/75R16 RF10 LT 120/116S,4X4
HK2001378,HANKOOK 285/75R16 RF10 LT 123/126,285/75R16,HANKOOK,RF10,RF10.jpg,285,75,R,16,LT,123/126,,0,39000,TYRE,HANKOOK 285/75R16 RF10 LT 123/126,4X4
HK2001383,HANKOOK 265/70R17 RF10 LT 121/118S,265/70R17,HANKOOK,RF10,RF10.jpg,265,70,R,17,LT,121/118S,,7,33000,TYRE,HANKOOK 265/70R17 RF10 LT 121/118S,4X4
HK2001585,HANKOOK 205R16 RF10 110/108R,205R16,HANKOOK,RF10,RF10.jpg,205,,R,16,,110/108R,,0,20150,TYRE,HANKOOK 205R16 RF10 110/108R,4X4
HK2001624,HANKOOK 215/75R15 RF10 LT 100/97S,215/75R15,HANKOOK,RF10,RF10.jpg,215,75,R,15,LT,100/97S,,0,19300,TYRE,HANKOOK 215/75R15 RF10 LT 100/97S,4X4
HK2001736,HANKOOK 255/70R15 RF10 112/110L,255/70R15,HANKOOK,RF10,RF10.jpg,255,70,R,15,,112/110L,,0,22000,TYRE,HANKOOK 255/70R15 RF10 112/110L,4X4
HK2001857,HANKOOK 215R15 RF10 109/107S,215R15,HANKOOK,RF10,RF10.jpg,215,,R,15,,109/107S,,0,0,TYRE,HANKOOK 215R15 RF10 109/107S,4X4
M04240940000,MATADOR 205/70R15 MPS330 MAXILLA 2 106/104R,205/70R15,MATADOR,MPS330 MAXILLA 2,MPS 330_Maxilla_2.png,205,70,R,15,,106/104R,,38,16400,TYRE,MATADOR 205/70R15 MPS330 MAXILLA 2 106/104R,4X4
M15802360000,MATADOR 195/65R15 MP44 ELITE 3 91H,195/65R15,MATADOR,MP44 ELITE 3,MP44 Elite 3.jpg,195,65,R,15,,91H,,184,9900,TYRE,MATADOR 195/65R15 MP44 ELITE 3 91H,PASSENGER
M15808110000,MATADOR 185/70R14 MP16 STELLA 2 88T,185/70R14,MATADOR,MP16 STELLA 2,MP16 Stella 2.jpg,185,70,R,14,,88T,,6,9200,TYRE,MATADOR 185/70R14 MP16 STELLA 2 88T,PASSENGER
M15808230000,MATADOR 205/60R16 MP44 ELITE 3 92H,205/60R16,MATADOR,MP44 ELITE 3,MP44 Elite 3.jpg,205,60,R,16,,92H,,4,13800,TYRE,MATADOR 205/60R16 MP44 ELITE 3 92H,PASSENGER
M1590030000,MATADOR 215/70R16 MP71 IZZARDA 100T,215/70R16,MATADOR,MP71 IZZARDA,MP71 Izzarda.jpg,215,70,R,16,,100T,,3,22600,TYRE,MATADOR 215/70R16 MP71 IZZARDA 100T,4X4
M15900850000,MATADOR 225/65R17 MP85 102H,225/65R17,MATADOR,MP85,MP85.jpg,225,65,R,17,,102H,,4,21400,TYRE,MATADOR 225/65R17 MP85 102H,4X4
M15901050000,MATADOR 265/70R16 MP71 IZZARDA 112T,265/70R16,MATADOR,MP71 IZZARDA,MP71 Izzarda.jpg,265,70,R,16,,112T,,1,26500,TYRE,MATADOR 265/70R16 MP71 IZZARDA 112T,4X4
M15901460000,MATADOR 245/70R16 CONQUERRA 2 107H,245/70R16,MATADOR,CONQUERRA 2,MP82 Conquerra 2.jpg,245,70,R,16,,107H,,75,20500,TYRE,MATADOR 245/70R16 CONQUERRA 2 107H,4X4
M15901870000,MATADOR 215/70R16 MP72 IZZARDA A/T2 100T,215/70R16,MATADOR,MP72 IZZARDA A/T2,MP72 Izzarda AT.jpg,215,70,R,16,,100T,,34,22600,TYRE,MATADOR 215/70R16 MP72 IZZARDA A/T2 100T,4X4
M15902000000,MATADOR 265/70R16 MP72 IZZARDA A/T 2 112T,265/70R16,MATADOR,MP72 IZZARDA A/T 2,MP72 Izzarda AT.jpg,265,70,R,16,,112T,,5,26500,TYRE,MATADOR 265/70R16 MP72 IZZARDA A/T 2 112T,4X4
MX0001,MAXXIS 225/60R18 MAT1 100V,225/60R18,MAXXIS,MAT1,,225,60,R,18,,100V,,3,22785,TYRE,MAXXIS 225/60R18 MAT1 100V,4X4
NEX2655020,NEXEN 265/50R20 ROADIAN HTX  RH5 BSW 107V,265/50R20,NEXEN,ROADIAN HTX  RH5,,265,50,R,20,BSW,107V,,0,0,TYRE,NEXEN 265/50R20 ROADIAN HTX  RH5 BSW 107V,4X4
PACE2501501,PACE 185/55R15 PC20 82H,185/55R15,PACE,PC20,PC20.jpg,185,55,R,15,,82H,,16,7800,TYRE,PACE 185/55R15 PC20 82H,PASSENGER
PACE2504701,PACE 265/65R17 AZURA 112H,265/65R17,PACE,AZURA,AZURA.jpg,265,65,R,17,,112H,,43,19500,TYRE,PACE 265/65R17 AZURA 112H,4X4
PACE2507401,PACE 195/55R16 PC20 87V,195/55R16,PACE,PC20,PC20.jpg,195,55,R,16,,87V,,1,9700,TYRE,PACE 195/55R16 PC20 87V,PASSENGER
PACE2509301,PACE 265/60R18 AZURA 110V,265/60R18,PACE,AZURA,AZURA.jpg,265,60,R,18,,110V,,17,22500,TYRE,PACE 265/60R18 AZURA 110V,4X4
PACE2512001,PACE 215/70R16 AZURA 100H,215/70R16,PACE,AZURA,AZURA.jpg,215,70,R,16,,100H,,1,11800,TYRE,PACE 215/70R16 AZURA 100H,4X4
PACE2512901,PACE 235/85R16 ZIVARO A/T 112/116Q,235/85R16,PACE,ZIVARO A/T,ZIVARO AT.png,235,85,R,16,,112/116Q,,8,20200,TYRE,PACE 235/85R16 ZIVARO A/T 112/116Q,4X4
PACE2513301,PACE LT235/75R15-8PR ZIVARO A/T 110/107S,LT235/75R15-8PR,PACE,ZIVARO A/T,ZIVARO AT.png,235,75,R,15,,110/107S,,1,17000,TYRE,PACE LT235/75R15-8PR ZIVARO A/T 110/107S,4X4
PACE2514201,PACE 265/70R17 ZIVARO A/T 121/118S,265/70R17,PACE,ZIVARO A/T,ZIVARO AT.png,265,70,R,17,,121/118S,,0,23000,TYRE,PACE 265/70R17 ZIVARO A/T 121/118S,4X4
ROV5791,ROVELO 165/80R13 RHP780 83T,165/80R13,ROVELO,RHP780,,165,80,R,13,,83T,,0,0,TYRE,ROVELO 165/80R13 RHP780 83T,PASSENGER
ROV5795,ROVELO 185/70R14 RHP780 88H,185/70R14,ROVELO,RHP780,,185,70,R,14,,88H,,0,0,TYRE,ROVELO 185/70R14 RHP780 88H,PASSENGER
ROV5796,ROVELO 195/70R14 RHP780 91T,195/70R14,ROVELO,RHP780,,195,70,R,14,,91T,,0,0,TYRE,ROVELO 195/70R14 RHP780 91T,PASSENGER
ROV5813,ROVELO 195/65R15 RHP780P 91H,195/65R15,ROVELO,RHP780P,,195,65,R,15,,91H,,0,0,TYRE,ROVELO 195/65R15 RHP780P 91H,PASSENGER
ROV5818,ROVELO 205/65R15 RHP780P 94V,205/65R15,ROVELO,RHP780P,,205,65,R,15,,94V,,0,0,TYRE,ROVELO 205/65R15 RHP780P 94V,PASSENGER
ROV6533,ROVELO 185/70R13 RHP-778 86T,185/70R13,ROVELO,RHP-778,,185,70,R,13,,86T,,0,0,TYRE,ROVELO 185/70R13 RHP-778 86T,PASSENGER
SAI0569,SAILUN 255/70R16 TERRAMAX H/T 111T,255/70R16,SAILUN,TERRAMAX H/T,,255,70,R,16,,111T,,30,0,TYRE,SAILUN 255/70R16 TERRAMAX H/T 111T,4X4
SAI0885,SAILUN 225/60R17 ATREZZO TOURING LS LS 99T,225/60R17,SAILUN,ATREZZO TOURING LS,,225,60,R,17,LS,99T,,1,11300,TYRE,SAILUN 225/60R17 ATREZZO TOURING LS LS 99T,4X4
SAI0894,SAILUN 205/70R15 ATREZZO TOURING LS LS 96T,205/70R15,SAILUN,ATREZZO TOURING LS,,205,70,R,15,LS,96T,,10,10750,TYRE,SAILUN 205/70R15 ATREZZO TOURING LS LS 96T,4X4
SAI1901,SAILUN 225/75R15 TERRAMAX H/T 102S,225/75R15,SAILUN,TERRAMAX H/T,,225,75,R,15,,102S,,0,13700,TYRE,SAILUN 225/75R15 TERRAMAX H/T 102S,4X4
SAI2172,SAILUN 225/45R17 ATREZZO ZSR XL 94W,225/45R17,SAILUN,ATREZZO ZSR,,225,45,R,17,XL,94W,,30,0,TYRE,SAILUN 225/45R17 ATREZZO ZSR XL 94W,PASSENGER
SAI2188,SAILUN 205/55ZR16 ATREZZO ZSR 91W,205/55ZR16,SAILUN,ATREZZO ZSR,,205,55,R,16,,91W,,27,0,TYRE,SAILUN 205/55ZR16 ATREZZO ZSR 91W,PASSENGER
SAI2643,SAILUN 215/55ZR17 ATREZZO ZSR XL 98W,215/55ZR17,SAILUN,ATREZZO ZSR,,215,55,R,17,XL,98W,,42,10900,TYRE,SAILUN 215/55ZR17 ATREZZO ZSR XL 98W,PASSENGER
SAI2648,SAILUN 225/50ZR17 ATREZZO ZSR XL 98W,225/50ZR17,SAILUN,ATREZZO ZSR,,225,50,R,17,XL,98W,,0,11000,TYRE,SAILUN 225/50ZR17 ATREZZO ZSR XL 98W,PASSENGER
SAI2651,SAILUN 225/55ZR17 ATREZZO ZSR XL 101W,225/55ZR17,SAILUN,ATREZZO ZSR,,225,55,R,17,XL,101W,,7,11300,TYRE,SAILUN 225/55ZR17 ATREZZO ZSR XL 101W,PASSENGER
SAI2675,SAILUN 255/45ZR18 ATREZZO ZSR XL 103W,255/45ZR18,SAILUN,ATREZZO ZSR,,255,45,R,18,XL,103W,,10,14600,TYRE,SAILUN 255/45ZR18 ATREZZO ZSR XL 103W,PASSENGER
SAI2995,SAILUN 215/45ZR17 ATREZZO Z4+AS XL 91W,215/45ZR17,SAILUN,ATREZZO Z4+AS,,215,45,R,17,XL,91W,,0,9900,TYRE,SAILUN 215/45ZR17 ATREZZO Z4+AS XL 91W,PASSENGER
SAI2996,SAILUN 225/45ZR17 ATREZZO Z4+AS XL 94W,225/45ZR17,SAILUN,ATREZZO Z4+AS,,225,45,R,17,XL,94W,,2,10900,TYRE,SAILUN 225/45ZR17 ATREZZO Z4+AS XL 94W,PASSENGER
SAI2997,SAILUN 225/45ZR18 ATREZZO Z4+AS XL 95W,225/45ZR18,SAILUN,ATREZZO Z4+AS,,225,45,R,18,XL,95W,,7,15000,TYRE,SAILUN 225/45ZR18 ATREZZO Z4+AS XL 95W,PASSENGER
SAI2999,SAILUN 245/45ZR17 ATREZZO Z4+AS XL 99W,245/45ZR17,SAILUN,ATREZZO Z4+AS,,245,45,R,17,XL,99W,,11,14350,TYRE,SAILUN 245/45ZR17 ATREZZO Z4+AS XL 99W,4X4
SAI3000,SAILUN 245/45ZR18 ATREZZO Z4+AS XL 100W,245/45ZR18,SAILUN,ATREZZO Z4+AS,,245,45,R,18,XL,100W,,0,15500,TYRE,SAILUN 245/45ZR18 ATREZZO Z4+AS XL 100W,PASSENGER
SAI3001,SAILUN 255/45ZR18 ATREZZO Z4+AS XL 103W,255/45ZR18,SAILUN,ATREZZO Z4+AS,,255,45,R,18,XL,103W,,0,16700,TYRE,SAILUN 255/45ZR18 ATREZZO Z4+AS XL 103W,PASSENGER
SAI3005,SAILUN 215/50ZR17 ATREZZO Z4+AS XL 95W,215/50ZR17,SAILUN,ATREZZO Z4+AS,,215,50,R,17,XL,95W,,0,10600,TYRE,SAILUN 215/50ZR17 ATREZZO Z4+AS XL 95W,PASSENGER
SAI3253,SAILUN 245/45ZR17 ATREZZO ZSR XL 99W,245/45ZR17,SAILUN,ATREZZO ZSR,,245,45,R,17,XL,99W,,0,0,TYRE,SAILUN 245/45ZR17 ATREZZO ZSR XL 99W,PASSENGER
SAI3262,SAILUN 275/40R20 ATREZZO SVR LX XL 106W,275/40R20,SAILUN,ATREZZO SVR LX,,275,40,R,20,XL,106W,,16,20300,TYRE,SAILUN 275/40R20 ATREZZO SVR LX XL 106W,4X4
SAI3271,SAILUN 285/50R20 ATREZZO SVR LX XL 116V,285/50R20,SAILUN,ATREZZO SVR LX,,285,50,R,20,XL,116V,,15,26300,TYRE,SAILUN 285/50R20 ATREZZO SVR LX XL 116V,4X4
SAI3275,SAILUN 265/50R20 ATREZZO SVR LX XL 111V,265/50R20,SAILUN,ATREZZO SVR LX,,265,50,R,20,XL,111V,,0,20200,TYRE,SAILUN 265/50R20 ATREZZO SVR LX XL 111V,4X4
SAI4436,SAILUN 265/35ZR18 ATREZZO ZSR XL 97W,265/35ZR18,SAILUN,ATREZZO ZSR,,265,65,R,18,XL,97W,,10,14100,TYRE,SAILUN 265/35ZR18 ATREZZO ZSR XL 97W,4X4
SAI4459,SAILUN 225/65R17 TERRAMAX CVR 102H,225/65R17,SAILUN,TERRAMAX CVR,,225,65,R,17,,102H,,32,14000,TYRE,SAILUN 225/65R17 TERRAMAX CVR 102H,4X4
SAI4463,SAILUN 235/55R17 TERRAMAX CVR XL 103V,235/55R17,SAILUN,TERRAMAX CVR,,235,55,R,17,XL,103V,,16,12700,TYRE,SAILUN 235/55R17 TERRAMAX CVR XL 103V,PASSENGER
SAI4466,SAILUN 215/65R16 TERRAMAX CVR XL 102H,215/65R16,SAILUN,TERRAMAX CVR,,215,65,R,16,XL,102H,,20,11500,TYRE,SAILUN 215/65R16 TERRAMAX CVR XL 102H,4X4
SAI4469,SAILUN 255/55R18 TERRAMAX CVR XL 109V,255/55R18,SAILUN,TERRAMAX CVR,,255,55,R,18,XL,109V,,0,16700,TYRE,SAILUN 255/55R18 TERRAMAX CVR XL 109V,4X4
SAI4470,SAILUN 235/60R18 TERRAMAX CVR 103V,235/60R18,SAILUN,TERRAMAX CVR,,235,60,R,18,,103V,,17,17800,TYRE,SAILUN 235/60R18 TERRAMAX CVR 103V,4X4
SAI4473,SAILUN 235/55R18 TERRAMAX CVR 100V,235/55R18,SAILUN,TERRAMAX CVR,,235,55,R,18,,100V,,20,17500,TYRE,SAILUN 235/55R18 TERRAMAX CVR 100V,4X4
SAI4489,SAILUN 215/70R15 COMMERCIO VX1 109/107R,215/70R15,SAILUN,COMMERCIO VX1,,215,70,R,15,,109/107R,,20,12850,TYRE,SAILUN 215/70R15 COMMERCIO VX1 109/107R,4X4
SAI4516,SAILUN 265/60R18 TERRAMAX 110T,265/60R18,SAILUN,TERRAMAX,,265,60,R,18,,110T,,20,0,TYRE,SAILUN 265/60R18 TERRAMAX 110T,4X4
SAI4924,SAILUN 185/65R15 ATREZZO ELITE XL 92T,185/65R15,SAILUN,ATREZZO ELITE,,185,65,R,15,XL,92T,,37,7200,TYRE,SAILUN 185/65R15 ATREZZO ELITE XL 92T,PASSENGER
SAI5142,SAILUN 165/80R13 ATREZZO ECO 83T,165/80R13,SAILUN,ATREZZO ECO,,165,80,R,13,,83T,,127,5300,TYRE,SAILUN 165/80R13 ATREZZO ECO 83T,PASSENGER
SAI5145,SAILUN 175/70R13 ATREZZO ECO 82T,175/70R13,SAILUN,ATREZZO ECO,,175,70,R,13,,82T,,44,5500,TYRE,SAILUN 175/70R13 ATREZZO ECO 82T,PASSENGER
SAI5146,SAILUN 185/70R13 ATREZZO ECO 86T,185/70R13,SAILUN,ATREZZO ECO,,185,70,R,13,,86T,,140,5800,TYRE,SAILUN 185/70R13 ATREZZO ECO 86T,PASSENGER
SAI5153,SAILUN 175/70R14 ATREZZO ECO 84T,175/70R14,SAILUN,ATREZZO ECO,,175,70,R,14,,84T,,165,6000,TYRE,SAILUN 175/70R14 ATREZZO ECO 84T,PASSENGER
SAI5155,SAILUN 185/70R14 ATREZZO ECO 88T,185/70R14,SAILUN,ATREZZO ECO,,185,70,R,14,,88T,,546,6200,TYRE,SAILUN 185/70R14 ATREZZO ECO 88T,PASSENGER
SAI5157,SAILUN 195/70R14 ATREZZO ECO 91H,195/70R14,SAILUN,ATREZZO ECO,,195,70,R,14,,91H,,20,7200,TYRE,SAILUN 195/70R14 ATREZZO ECO 91H,PASSENGER
SAI5183,SAILUN 195/65R15 ATREZZO ELITE 91H,195/65R15,SAILUN,ATREZZO ELITE,,195,65,R,15,,91H,,129,7200,TYRE,SAILUN 195/65R15 ATREZZO ELITE 91H,PASSENGER
SAI5187,SAILUN 205/65R15 ATREZZO ELITE 94H,205/65R15,SAILUN,ATREZZO ELITE,,205,65,R,16,,94H,,77,7600,TYRE,SAILUN 205/65R15 ATREZZO ELITE 94H,PASSENGER
SAI5217,SAILUN 205/60R16 ATREZZO ELITE XL 96V,205/60R16,SAILUN,ATREZZO ELITE,,205,60,R,16,XL,96V,,44,8200,TYRE,SAILUN 205/60R16 ATREZZO ELITE XL 96V,PASSENGER
SAI5222,SAILUN 215/60R16 ATREZZO XL 99V,215/60R16,SAILUN,ATREZZO,,215,60,R,16,XL,99V,,18,0,TYRE,SAILUN 215/60R16 ATREZZO XL 99V,PASSENGER
SAI5235,SAILUN 205/55R16 ATREZZO ELITE 91W,205/55R16,SAILUN,ATREZZO ELITE,,205,55,R,16,,91W,,0,8950,TYRE,SAILUN 205/55R16 ATREZZO ELITE 91W,PASSENGER
SAI5238,SAILUN 215/55R16 ATREZZO ELITE XL 97W,215/55R16,SAILUN,ATREZZO ELITE,,215,55,R,16,XL,97W,,12,0,TYRE,SAILUN 215/55R16 ATREZZO ELITE XL 97W,PASSENGER
SAI5250,SAILUN 225/60R18 ATREZZO ELITE XL 104W,225/60R18,SAILUN,ATREZZO ELITE,,225,60,R,18,XL,104W,,22,16700,TYRE,SAILUN 225/60R18 ATREZZO ELITE XL 104W,4X4
SAI5312,SAILUN 235/70R16 TERRAMAX A/T 106S,235/70R16,SAILUN,TERRAMAX A/T,,235,70,R,16,,106S,,49,15300,TYRE,SAILUN 235/70R16 TERRAMAX A/T 106S,4X4
SAI5313,SAILUN 265/70R16 TERRAMAX A/T 112T,265/70R16,SAILUN,TERRAMAX A/T,,265,70,R,16,,112T,,46,18000,TYRE,SAILUN 265/70R16 TERRAMAX A/T 112T,4X4
SAI5314,SAILUN 265/70R17 TERRAMAX A/T 115S,265/70R17,SAILUN,TERRAMAX A/T,,265,70,R,17,,115S,,20,0,TYRE,SAILUN 265/70R17 TERRAMAX A/T 115S,4X4
SAI5316,SAILUN 235/75R15 TERRAMAX A/T XL 109S,235/75R15,SAILUN,TERRAMAX A/T,,235,75,R,15,XL,109S,,21,12900,TYRE,SAILUN 235/75R15 TERRAMAX A/T XL 109S,4X4
SAI5318,SAILUN 265/75R16 TERRAMAX A/T 116S,265/75R16,SAILUN,TERRAMAX A/T,,265,75,R,16,,116S,,12,0,TYRE,SAILUN 265/75R16 TERRAMAX A/T 116S,4X4
SAI5319,SAILUN 235/65R17 TERRAMAX A/T 104S,235/65R17,SAILUN,TERRAMAX A/T,,235,65,R,17,,104S,,20,17400,TYRE,SAILUN 235/65R17 TERRAMAX A/T 104S,4X4
SAI5320,SAILUN 245/65R17 TERRAMAX A/T 107S,245/65R17,SAILUN,TERRAMAX A/T,,245,65,R,17,,107S,,20,16650,TYRE,SAILUN 245/65R17 TERRAMAX A/T 107S,4X4
SAI5321,SAILUN 265/65R17 TERRAMAX A/T 112S,265/65R17,SAILUN,TERRAMAX A/T,,265,65,R,17,,112S,,6,18000,TYRE,SAILUN 265/65R17 TERRAMAX A/T 112S,4X4
SAI5322,SAILUN 275/65R17 TERRAMAX A/T 115S,275/65R17,SAILUN,TERRAMAX A/T,,275,65,R,17,,115S,,20,20450,TYRE,SAILUN 275/65R17 TERRAMAX A/T 115S,4X4
SAI5323,SAILUN 275/55R20 TERRAMAX A/T XL 117T,275/55R20,SAILUN,TERRAMAX A/T,,275,55,R,20,XL,117T,,20,24550,TYRE,SAILUN 275/55R20 TERRAMAX A/T XL 117T,4X4
SAI5326,SAILUN 215/75R15 TERRAMAX A/T 100S,215/75R15,SAILUN,TERRAMAX A/T,,215,75,R,15,,100S,,1,13000,TYRE,SAILUN 215/75R15 TERRAMAX A/T 100S,4X4
SAI5356,SAILUN 235/55ZR19 ATREZZO ZSR XL 105W,235/55ZR19,SAILUN,ATREZZO ZSR,,235,55,R,19,XL,105W,,25,16200,TYRE,SAILUN 235/55ZR19 ATREZZO ZSR XL 105W,4X4
SAI5476,SAILUN 245/70R16 TERRAMAX A/T 107S,245/70R16,SAILUN,TERRAMAX A/T,,245,70,R,16,,107S,,53,15500,TYRE,SAILUN 245/70R16 TERRAMAX A/T 107S,4X4
SAI5550,SAILUN 235/60R18 ATREZZO ZSR XL 107V ,235/60R18,SAILUN,ATREZZO ZSR,,235,60,R,18,XL,107V ,,0,17800,TYRE,SAILUN 235/60R18 ATREZZO ZSR XL 107V ,4X4
SAI5638,SAILUN 255/50ZR19 ATREZZO ZSR  XL 107Y,255/50ZR19,SAILUN,ATREZZO ZSR ,,255,50,R,19,XL,107Y,,20,16950,TYRE,SAILUN 255/50ZR19 ATREZZO ZSR  XL 107Y,4X4
SAI6471,SAILUN 235/75R15 TERRAMAX M/T 104/101Q,235/75R15,SAILUN,TERRAMAX M/T,,235,75,R,15,,104/101Q,,20,12900,TYRE,SAILUN 235/75R15 TERRAMAX M/T 104/101Q,4X4
SAI6472,SAILUN 235/85R16 TERRAMAX M/T 120/116Q,235/85R16,SAILUN,TERRAMAX M/T,,235,85,R,16,,120/116Q,,24,21500,TYRE,SAILUN 235/85R16 TERRAMAX M/T 120/116Q,4X4
SAI6514,SAILUN 205R16 TERRAMAX A/T 110/108Q,205R16,SAILUN,TERRAMAX A/T,,205,,R,16,,110/108Q,,20,14500,TYRE,SAILUN 205R16 TERRAMAX A/T 110/108Q,4X4
SUMMIT18570R13,SUMMIT 185/70R13  86H,185/70R13,SUMMIT,,,185,70,R,13,,86H,,0,4600,TYRE,SUMMIT 185/70R13  86H,PASSENGER
SUMMIT1956515,SUMMIT 195/65R15 ,195/65R15,SUMMIT,,,195,65,R,15,,,,0,6000,TYRE,SUMMIT 195/65R15 ,PASSENGER
TL6001601,TOLEDO 195/65R15 TL1000 91H,195/65R15,TOLEDO,TL1000,Toledo TL1000.jpg,195,65,R,15,,91H,,2,7400,TYRE,TOLEDO 195/65R15 TL1000 91H,PASSENGER
TL6002701,TOLEDO 215/60R16 TL1000 XL 99V,215/60R16,TOLEDO,TL1000,Toledo TL1000.jpg,215,60,R,16,XL,99V,,3,9851.724,TYRE,TOLEDO 215/60R16 TL1000 XL 99V,PASSENGER
TL6003301,TOLEDO 215/55R16 TL1000 XL 97W,215/55R16,TOLEDO,TL1000,Toledo TL1000.jpg,215,55,R,16,XL,97W,,36,10000,TYRE,TOLEDO 215/55R16 TL1000 XL 97W,PASSENGER
TL6010801,TOLEDO 235/85R16 TL6000 A/T 120/116S,235/85R16,TOLEDO,TL6000 A/T,Toledo TL6000.jpg,235,85,R,16,,120/116S,,38,17100,TYRE,TOLEDO 235/85R16 TL6000 A/T 120/116S,4X4
TL6010901,TOLEDO 215/75R15 TL6000 A/T 106/103S,215/75R15,TOLEDO,TL6000 A/T,Toledo TL6000.jpg,215,75,R,15,,106/103S,,1,12400,TYRE,TOLEDO 215/75R15 TL6000 A/T 106/103S,4X4
TL6011001,TOLEDO 235/75R15 TL6000 A/T 110/107S,235/75R15,TOLEDO,TL6000 A/T,Toledo TL6000.jpg,235,75,R,15,,110/107S,,1,14400,TYRE,TOLEDO 235/75R15 TL6000 A/T 110/107S,4X4
TL6012101,TOLEDO 245/70R16 TL6000 A/T 106T,245/70R16,TOLEDO,TL6000 A/T,Toledo TL6000.jpg,245,70,R,15,,106T,,2,15396.552,TYRE,TOLEDO 245/70R16 TL6000 A/T 106T,4X4
TL6016101,TOLEDO 255/70R16 TL6000 A/T 109T,255/70R16,TOLEDO,TL6000 A/T,Toledo TL6000.jpg,255,70,R,16,,109T,,3,17491.379,TYRE,TOLEDO 255/70R16 TL6000 A/T 109T,4X4
TL6016201,TOLEDO 265/65R17 TL6000 A/T 110T,265/65R17,TOLEDO,TL6000 A/T,Toledo TL6000.jpg,265,65,R,17,,110T,,0,16500,TYRE,TOLEDO 265/65R17 TL6000 A/T 110T,4X4
TY04110,TOYO 275/35R19 PROXES T1R 100Y,275/35R19,TOYO,PROXES T1R,T1-R.png,275,35,R,19,,100Y,,4,43500,TYRE,TOYO 275/35R19 PROXES T1R 100Y,4X4
TY04111,TOYO 245/40R19 PROXES T1R 98Y,245/40R19,TOYO,PROXES T1R,T1-R.png,245,40,R,19,,98Y,,4,24500,TYRE,TOYO 245/40R19 PROXES T1R 98Y,4X4
TY13726,TOYO 205R16 OPEN COUNTRY 785 XL 104S,205R16,TOYO,OPEN COUNTRY 785,OPEN COUNTRY 785.jpg,205,,R,16,XL,104S,,10,23350,TYRE,TOYO 205R16 OPEN COUNTRY 785 XL 104S,4X4
TY13730,TOYO 265/65R17 OPEN COUNTRY A/T+ 112S,265/65R17,TOYO,OPEN COUNTRY A/T+,OPEN COUNTRY AT PLUS.png,265,65,R,17,,112S,,42,29800,TYRE,TOYO 265/65R17 OPEN COUNTRY A/T+ 112S,4X4
TY16233,TOYO 225/40R18 PROXES C1S XL 92W,225/40R18,TOYO,PROXES C1S,PROXES C1S.jpg,225,40,R,18,XL,92W,,10,23550,TYRE,TOYO 225/40R18 PROXES C1S XL 92W,PASSENGER
TY23071,TOYO 225/40R18 PROXES T1 SPORT XL 92Y,225/40R18,TOYO,PROXES T1 SPORT,PROXES T1 SPORT.png,225,45,R,18,XL,92Y,,10,23550,TYRE,TOYO 225/40R18 PROXES T1 SPORT XL 92Y,PASSENGER
TY23092,TOYO 225/65R17 OPEN COUNTRY A/T+ OWL 102H,225/65R17,TOYO,OPEN COUNTRY A/T+,OPEN COUNTRY AT PLUS.png,225,65,R,17,OWL,102H,,89,23500,TYRE,TOYO 225/65R17 OPEN COUNTRY A/T+ OWL 102H,4X4
TY28028,TOYO 235/85R16 OPEN COUNTRY A/T+ 120/116Q,235/85R16,TOYO,OPEN COUNTRY A/T+,OPEN COUNTRY AT PLUS.png,235,85,R,16,,120/116Q,,30,28500,TYRE,TOYO 235/85R16 OPEN COUNTRY A/T+ 120/116Q,4X4
TY30849,TOYO 285/65R17 OPEN COUNTRY H/T 116H,285/65R17,TOYO,OPEN COUNTRY H/T,OPEN COUNTRY HT.png,285,65,R,17,,116H,,10,39000,TYRE,TOYO 285/65R17 OPEN COUNTRY H/T 116H,4X4
TY36925,TOYO 215/75R15 OPEN COUNTRY A/T+ 100T,215/75R15,TOYO,OPEN COUNTRY A/T+,OPEN COUNTRY AT PLUS.png,215,75,R,15,,100T,,10,18550,TYRE,TOYO 215/75R15 OPEN COUNTRY A/T+ 100T,4X4
TY37088,TOYO 255/55R19 OPEN COUNTRY A/T+ 111H,255/55R19,TOYO,OPEN COUNTRY A/T+,OPEN COUNTRY AT PLUS.png,255,55,R,19,,111H,,10,41950,TYRE,TOYO 255/55R19 OPEN COUNTRY A/T+ 111H,4X4
TY37109,TOYO 225/75R15 OPEN COUNTRY A/T+ 102T,225/75R15,TOYO,OPEN COUNTRY A/T+,OPEN COUNTRY AT PLUS.png,225,75,R,15,,102T,,14,18800,TYRE,TOYO 225/75R15 OPEN COUNTRY A/T+ 102T,4X4
TY37110,TOYO 235/75R15 OPEN COUNTRY A/T+ 109T,235/75R15,TOYO,OPEN COUNTRY A/T+,OPEN COUNTRY AT PLUS.png,235,75,R,15,,109T,,10,21800,TYRE,TOYO 235/75R15 OPEN COUNTRY A/T+ 109T,4X4
TY39512,TOYO 215/70R16 OPEN COUNTRY A/T+ 100H,215/70R16,TOYO,OPEN COUNTRY A/T+,OPEN COUNTRY AT PLUS.png,215,70,R,16,,100H,,10,22330,TYRE,TOYO 215/70R16 OPEN COUNTRY A/T+ 100H,4X4
TY39811,TOYO 185/70R14 NANO ENERGY 88T,185/70R14,TOYO,NANO ENERGY,NANOENERGY 3.png,185,70,R,14,,88T,,17,9700,TYRE,TOYO 185/70R14 NANO ENERGY 88T,PASSENGER
YKF905,YOKOHAMA 225/65R17 GEOLANDAR A/T-S 102H,225/65R17,YOKOHAMA,GEOLANDAR A/T-S,,225,65,R,17,,102H,,0,26800,TYRE,YOKOHAMA 225/65R17 GEOLANDAR A/T-S 102H,4X4
ZETA1702101,ZETA 225/55R17 MEGLIO 101W,225/55R17,ZETA,MEGLIO,Meglio.jpg,225,55,R,17,,101W,,3,13915.517,TYRE,ZETA 225/55R17 MEGLIO 101W,PASSENGER
ZETA7100101,ZETA 185/70R14 VERDANT 88H,185/70R14,ZETA,VERDANT,Verdant.jpg,185,70,R,14,,88H,,0,7500,TYRE,ZETA 185/70R14 VERDANT 88H,PASSENGER
ZETA7100201,ZETA 195/70R14 VERDANT 91H,195/70R14,ZETA,VERDANT,Verdant.jpg,195,70,R,14,,91H,,5,8700,TYRE,ZETA 195/70R14 VERDANT 91H,PASSENGER
ZETA7100701,ZETA 185/65R15 VERDANT 88H,185/65R15,ZETA,VERDANT,Verdant.jpg,185,65,R,15,,88H,,3,8312.069,TYRE,ZETA 185/65R15 VERDANT 88H,PASSENGER
ZETA7100801,ZETA 195/65R15 VERDANT 91V,195/65R15,ZETA,VERDANT,Verdant.jpg,195,65,R,15,,91V,,0,8600,TYRE,ZETA 195/65R15 VERDANT 91V,PASSENGER
ZETA7100901,ZETA 205/65R15 VERDANT 94H,205/65R15,ZETA,VERDANT,Verdant.jpg,205,65,R,15,,94H,,0,9500,TYRE,ZETA 205/65R15 VERDANT 94H,PASSENGER
ZETA7101101,ZETA 215/65R16 VERDANT 98H,215/65R16,ZETA,VERDANT,Verdant.jpg,215,65,R,16,,98H,,0,12318.966,TYRE,ZETA 215/65R16 VERDANT 98H,PASSENGER
ZETA7101401,ZETA 205/60R16 VERDANT 92V,205/60R16,ZETA,VERDANT,Verdant.jpg,205,60,R,16,,92V,,2,9900,TYRE,ZETA 205/60R16 VERDANT 92V,PASSENGER
ZETA7101501,ZETA 215/60R16 VERDANT 95V,215/60R16,ZETA,VERDANT,Verdant.jpg,215,60,R,16,,95V,,0,11100,TYRE,ZETA 215/60R16 VERDANT 95V,PASSENGER
ZETA7101601,ZETA 225/60R16 VERDANT 98H,225/60R16,ZETA,VERDANT,Verdant.jpg,225,60,R,16,,98H,,4,12000,TYRE,ZETA 225/60R16 VERDANT 98H,PASSENGER
ZETA7101801,ZETA 205/55R16 VERDANT 91V,205/55R16,ZETA,VERDANT,Verdant.jpg,205,55,R,16,,91V,,7,10500,TYRE,ZETA 205/55R16 VERDANT 91V,PASSENGER
ZETA7101901,ZETA 215/55R16 VERDANT 97V,215/55R16,ZETA,VERDANT,Verdant.jpg,215,55,R,16,,97V,,15,11699.138,TYRE,ZETA 215/55R16 VERDANT 97V,PASSENGER
ZETA7102001,ZETA 215/55R17 MEGLIO 98W,215/55R17,ZETA,MEGLIO,Meglio.jpg,215,55,R,17,,98W,,5,12622.414,TYRE,ZETA 215/55R17 MEGLIO 98W,PASSENGER
ZETA7102201,ZETA 215/50R17 MEGLIO 95W,215/50R17,ZETA,MEGLIO,Meglio.jpg,215,50,R,17,,95W,,0,12500,TYRE,ZETA 215/50R17 MEGLIO 95W,PASSENGER
ZETA7102601,ZETA 215/45R17 MEGLIO 91W,215/45R17,ZETA,MEGLIO,Meglio.jpg,215,45,R,17,,91W,,17,10900,TYRE,ZETA 215/45R17 MEGLIO 91W,PASSENGER
ZETA7102701,ZETA 225/45R17 MEGLIO 94W,225/45R17,ZETA,MEGLIO,Meglio.jpg,225,45,R,17,,94W,,0,11100,TYRE,ZETA 225/45R17 MEGLIO 94W,PASSENGER
ZETA7102901,ZETA 225/45R18 MEGLIO 95W,225/45R18,ZETA,MEGLIO,Meglio.jpg,225,45,R,18,,95W,,6,18472.414,TYRE,ZETA 225/45R18 MEGLIO 95W,PASSENGER
ZETA7103101,ZETA 245/45R18 MEGLIO 100W,245/45R18,ZETA,MEGLIO,Meglio.jpg,245,45,R,18,,100W,,0,19087.931,TYRE,ZETA 245/45R18 MEGLIO 100W,PASSENGER
ZETA7103901,ZETA 215/70R16 ETALON 100H,215/70R16,ZETA,ETALON,Etalon.jpg,215,70,R,16,,100H,,10,13607.759,TYRE,ZETA 215/70R16 ETALON 100H,4X4
ZETA7104701,ZETA 225/65R17 ETALON 102H,225/65R17,ZETA,ETALON,Etalon.jpg,225,65,R,17,,102H,,0,17241.379,TYRE,ZETA 225/65R17 ETALON 102H,4X4
ZETA7105101,ZETA 265/65R18 ETALON 114H,265/65R18,ZETA,ETALON,Etalon.jpg,265,65,R,18,,114H,,10,24633.621,TYRE,ZETA 265/65R18 ETALON 114H,4X4
ZETA7105301,ZETA 225/60R17 ETALON 99V,225/60R17,ZETA,ETALON,Etalon.jpg,225,60,R,17,,99V,,0,16012.931,TYRE,ZETA 225/60R17 ETALON 99V,4X4
ZETA7105501,ZETA 235/60R18 ETALON 107V,235/60R18,ZETA,ETALON,Etalon.jpg,235,60,R,18,,107V,,2,20939.655,TYRE,ZETA 235/60R18 ETALON 107V,4X4
ZETA7105601,ZETA 235/55R18 ETALON 100V,235/55R18,ZETA,ETALON,Etalon.jpg,235,55,R,18,,100V,,0,20327.586,TYRE,ZETA 235/55R18 ETALON 100V,4X4
ZETA7105701,ZETA 255/55R18 ETALON 109V,255/55R18,ZETA,ETALON,Etalon.jpg,255,55,R,18,,109V,,8,23400.862,TYRE,ZETA 255/55R18 ETALON 109V,4X4
ZETA7105801,ZETA 275/55ZR20 IMPERO 117W,275/55ZR20,ZETA,IMPERO,,275,55,R,20,,117W,,8,30788.793,TYRE,ZETA 275/55ZR20 IMPERO 117W,4X4
ZETA7106001,ZETA 275/45R20 IMPERO 110V,275/45R20,ZETA,IMPERO,,275,45,R,20,,110V,,3,29600,TYRE,ZETA 275/45R20 IMPERO 110V,4X4
ZETA7106201,ZETA 275/40ZR20 IMPERO 106W,275/40ZR20,ZETA,IMPERO,,275,40,R,20,,106W,,8,28327.586,TYRE,ZETA 275/40ZR20 IMPERO 106W,4X4
